26.3163,LCA_ZEUS,35.148
26.3169,Send_ZEUS,,0.032
28.0835,Receive_ZEUS,,0.286
28.0841,Receive_ZEUS,,0.098
31.3566,Selection_ZEUS,,,0.767
39.1176,Control_ZEUS,,,,22.546
39.1187,Changes?_ZEUS,,,,,0.225
42.2715,Control_ZEUS,,,,2.8
42.2721,Changes?_ZEUS,,,,,0.061
52.5035,Control_ZEUS,,,,2.74
52.5041,Changes?_ZEUS,,,,,0.072
62.4315,Control_ZEUS,,,,2.342
62.432,Changes?_ZEUS,,,,,0.064
72.6288,Control_ZEUS,,,,2.485
72.6294,Changes?_ZEUS,,,,,0.061
82.964,Control_ZEUS,,,,2.859
82.9646,Changes?_ZEUS,,,,,0.081
93.032,Control_ZEUS,,,,2.88
93.0327,Changes?_ZEUS,,,,,0.082
102.958,Control_ZEUS,,,,2.428
102.959,Changes?_ZEUS,,,,,0.077
113.532,Control_ZEUS,,,,3.084
113.533,Changes?_ZEUS,,,,,0.081
123.31,Control_ZEUS,,,,2.786
123.311,Changes?_ZEUS,,,,,0.082
133.57,Control_ZEUS,,,,2.884
133.57,Changes?_ZEUS,,,,,0.077
143.138,Control_ZEUS,,,,2.39
143.138,Changes?_ZEUS,,,,,0.102
153.15,Control_ZEUS,,,,2.348
153.151,Changes?_ZEUS,,,,,0.049
163.24,Control_ZEUS,,,,2.6
163.241,Changes?_ZEUS,,,,,0.091
173.478,Control_ZEUS,,,,2.956
173.478,Changes?_ZEUS,,,,,0.103
183.276,Control_ZEUS,,,,2.392
183.277,Changes?_ZEUS,,,,,0.051
193.481,Control_ZEUS,,,,2.823
193.483,Changes?_ZEUS,,,,,0.115
203.445,Control_ZEUS,,,,2.164
203.446,Changes?_ZEUS,,,,,0.057
213.938,Control_ZEUS,,,,3.014
213.94,Changes?_ZEUS,,,,,0.261
223.903,Control_ZEUS,,,,2.055
223.904,Changes?_ZEUS,,,,,0.087
233.943,Control_ZEUS,,,,2.513
233.943,Changes?_ZEUS,,,,,0.052
243.955,Control_ZEUS,,,,2.187
243.955,Changes?_ZEUS,,,,,0.055
253.971,Control_ZEUS,,,,2.068
253.972,Changes?_ZEUS,,,,,0.075
264.007,Control_ZEUS,,,,2.3
264.008,Changes?_ZEUS,,,,,0.05
273.998,Control_ZEUS,,,,2.288
273.998,Changes?_ZEUS,,,,,0.05
284.258,Control_ZEUS,,,,2.273
284.259,Changes?_ZEUS,,,,,0.052
294.281,Control_ZEUS,,,,2.077
294.282,Changes?_ZEUS,,,,,0.074
304.287,Control_ZEUS,,,,2.142
304.288,Changes?_ZEUS,,,,,0.052
314.287,Control_ZEUS,,,,2.133
314.287,Changes?_ZEUS,,,,,0.051
324.524,Control_ZEUS,,,,2.215
324.524,Changes?_ZEUS,,,,,0.056
334.541,Control_ZEUS,,,,2.334
334.542,Changes?_ZEUS,,,,,0.05
344.557,Control_ZEUS,,,,2.287
344.557,Changes?_ZEUS,,,,,0.054
354.598,Control_ZEUS,,,,2.384
354.598,Changes?_ZEUS,,,,,0.052
364.587,Control_ZEUS,,,,2.163
364.588,Changes?_ZEUS,,,,,0.051
374.865,Control_ZEUS,,,,2.467
374.866,Changes?_ZEUS,,,,,0.068
384.883,Control_ZEUS,,,,2.367
384.884,Changes?_ZEUS,,,,,0.076
394.892,Control_ZEUS,,,,2.187
394.893,Changes?_ZEUS,,,,,0.054
404.896,Control_ZEUS,,,,2.309
404.897,Changes?_ZEUS,,,,,0.056
415.129,Control_ZEUS,,,,2.151
415.13,Changes?_ZEUS,,,,,0.053
425.456,Control_ZEUS,,,,2.607
425.457,Changes?_ZEUS,,,,,0.054
435.785,Control_ZEUS,,,,2.57
435.785,Changes?_ZEUS,,,,,0.067
445.598,Control_ZEUS,,,,2.713
445.599,Changes?_ZEUS,,,,,0.053
455.59,Control_ZEUS,,,,2.131
455.591,Changes?_ZEUS,,,,,0.11
465.899,Control_ZEUS,,,,2.73
465.899,Changes?_ZEUS,,,,,0.053
475.884,Control_ZEUS,,,,2.18
475.884,Changes?_ZEUS,,,,,0.051
486.093,Control_ZEUS,,,,2.219
486.094,Changes?_ZEUS,,,,,0.055
496.317,Control_ZEUS,,,,2.103
496.317,Changes?_ZEUS,,,,,0.056
506.316,Control_ZEUS,,,,2.104
506.317,Changes?_ZEUS,,,,,0.052
516.569,Control_ZEUS,,,,2.345
516.57,Changes?_ZEUS,,,,,0.064
526.79,Control_ZEUS,,,,2.524
526.79,Changes?_ZEUS,,,,,0.051
536.82,Control_ZEUS,,,,2.299
536.821,Changes?_ZEUS,,,,,0.059
546.819,Control_ZEUS,,,,2.201
546.82,Changes?_ZEUS,,,,,0.06
557.03,Control_ZEUS,,,,2.103
557.03,Changes?_ZEUS,,,,,0.05
567.294,Control_ZEUS,,,,2.166
567.294,Changes?_ZEUS,,,,,0.055
577.573,Control_ZEUS,,,,2.873
577.574,Changes?_ZEUS,,,,,0.05
587.594,Control_ZEUS,,,,2.222
587.594,Changes?_ZEUS,,,,,0.053
597.67,Control_ZEUS,,,,2.525
597.67,Changes?_ZEUS,,,,,0.056
607.688,Control_ZEUS,,,,2.199
607.688,Changes?_ZEUS,,,,,0.051
617.815,Control_ZEUS,,,,2.878
617.816,Changes?_ZEUS,,,,,0.075
627.791,Control_ZEUS,,,,2.263
627.791,Changes?_ZEUS,,,,,0.147
638.044,Control_ZEUS,,,,2.346
638.045,Changes?_ZEUS,,,,,0.078
648.273,Control_ZEUS,,,,2.431
648.274,Changes?_ZEUS,,,,,0.058
658.267,Control_ZEUS,,,,2.27
658.268,Changes?_ZEUS,,,,,0.056
668.497,Control_ZEUS,,,,2.297
668.498,Changes?_ZEUS,,,,,0.056
678.756,Control_ZEUS,,,,2.261
678.756,Changes?_ZEUS,,,,,0.051
688.771,Control_ZEUS,,,,2
688.771,Changes?_ZEUS,,,,,0.053
698.781,Control_ZEUS,,,,2.234
698.782,Changes?_ZEUS,,,,,0.104
709.002,Control_ZEUS,,,,2.166
709.003,Changes?_ZEUS,,,,,0.056
719.269,Control_ZEUS,,,,2.201
719.269,Changes?_ZEUS,,,,,0.056
729.281,Control_ZEUS,,,,2.239
729.281,Changes?_ZEUS,,,,,0.052
739.286,Control_ZEUS,,,,2.322
739.286,Changes?_ZEUS,,,,,0.057
749.291,Control_ZEUS,,,,2.185
749.292,Changes?_ZEUS,,,,,0.079
759.271,Control_ZEUS,,,,2.05
759.272,Changes?_ZEUS,,,,,0.052
769.646,Control_ZEUS,,,,3.018
769.646,Changes?_ZEUS,,,,,0.05
779.642,Control_ZEUS,,,,2.419
779.642,Changes?_ZEUS,,,,,0.051
789.705,Control_ZEUS,,,,2.735
789.706,Changes?_ZEUS,,,,,0.051
799.719,Control_ZEUS,,,,2.33
799.72,Changes?_ZEUS,,,,,0.089
809.957,Control_ZEUS,,,,2.379
809.957,Changes?_ZEUS,,,,,0.052
819.954,Control_ZEUS,,,,2.153
819.954,Changes?_ZEUS,,,,,0.052
829.978,Control_ZEUS,,,,2.194
829.979,Changes?_ZEUS,,,,,0.063
839.967,Control_ZEUS,,,,2.188
839.967,Changes?_ZEUS,,,,,0.073
850.202,Control_ZEUS,,,,2.295
850.203,Changes?_ZEUS,,,,,0.052
860.452,Control_ZEUS,,,,2.245
860.452,Changes?_ZEUS,,,,,0.053
870.69,Control_ZEUS,,,,2.339
870.691,Changes?_ZEUS,,,,,0.053
880.936,Control_ZEUS,,,,2.139
880.936,Changes?_ZEUS,,,,,0.052
890.92,Control_ZEUS,,,,2.169
890.921,Changes?_ZEUS,,,,,0.096
901.168,Control_ZEUS,,,,2.237
901.168,Changes?_ZEUS,,,,,0.056
911.39,Control_ZEUS,,,,2.085
911.391,Changes?_ZEUS,,,,,0.061
921.71,Control_ZEUS,,,,2.759
921.711,Changes?_ZEUS,,,,,0.085
931.71,Control_ZEUS,,,,2.309
931.711,Changes?_ZEUS,,,,,0.093
941.79,Control_ZEUS,,,,2.93
941.791,Changes?_ZEUS,,,,,0.052
951.829,Control_ZEUS,,,,2.572
951.829,Changes?_ZEUS,,,,,0.053
961.863,Control_ZEUS,,,,2.174
961.864,Changes?_ZEUS,,,,,0.05
971.918,Control_ZEUS,,,,2.27
971.919,Changes?_ZEUS,,,,,0.052
982.063,Control_ZEUS,,,,2.925
982.064,Changes?_ZEUS,,,,,0.055
992.11,Control_ZEUS,,,,2.138
992.11,Changes?_ZEUS,,,,,0.064
1002.12,Control_ZEUS,,,,2.257
1002.12,Changes?_ZEUS,,,,,0.053
1012.21,Control_ZEUS,,,,2.141
1012.21,Changes?_ZEUS,,,,,0.096
1022.47,Control_ZEUS,,,,2.208
1022.47,Changes?_ZEUS,,,,,0.077
1022.98,Receive_ZEUS,,0.288
1028.04,Selection_ZEUS,,,0.601
1035.17,Control_ZEUS,,,,16.996
1035.17,Changes?_ZEUS,,,,,0.077
1042.71,Control_ZEUS,,,,2.355
1042.71,Changes?_ZEUS,,,,,0.057
1052.78,Control_ZEUS,,,,2.52
1052.78,Changes?_ZEUS,,,,,0.056
1062.85,Control_ZEUS,,,,2.13
1062.85,Changes?_ZEUS,,,,,0.055
1072.93,Control_ZEUS,,,,2.272
1072.93,Changes?_ZEUS,,,,,0.06
1082.97,Control_ZEUS,,,,2.252
1082.97,Changes?_ZEUS,,,,,0.059
1093.01,Control_ZEUS,,,,2.475
1093.01,Changes?_ZEUS,,,,,0.05
1103.02,Control_ZEUS,,,,2.013
1103.02,Changes?_ZEUS,,,,,0.051
1113.04,Control_ZEUS,,,,2.287
1113.04,Changes?_ZEUS,,,,,0.05
1123.09,Control_ZEUS,,,,2.126
1123.09,Changes?_ZEUS,,,,,0.053
1133.15,Control_ZEUS,,,,2.213
1133.15,Changes?_ZEUS,,,,,0.058
1143.2,Control_ZEUS,,,,2.086
1143.2,Changes?_ZEUS,,,,,0.079
1153.22,Control_ZEUS,,,,2.054
1153.22,Changes?_ZEUS,,,,,0.073
1153.99,Receive_ZEUS,,0.288
1159.05,Selection_ZEUS,,,0.927
1166.12,Control_ZEUS,,,,17.396
1166.12,Changes?_ZEUS,,,,,0.064
1173.35,Control_ZEUS,,,,2.248
1173.35,Changes?_ZEUS,,,,,0.054
1183.38,Control_ZEUS,,,,2.039
1183.38,Changes?_ZEUS,,,,,0.074
1193.45,Control_ZEUS,,,,2.12
1193.45,Changes?_ZEUS,,,,,0.073
1203.49,Control_ZEUS,,,,2.194
1203.49,Changes?_ZEUS,,,,,0.06
1213.63,Control_ZEUS,,,,3.318
1213.63,Changes?_ZEUS,,,,,0.061
1223.69,Control_ZEUS,,,,2.285
1223.69,Changes?_ZEUS,,,,,0.07
1233.8,Control_ZEUS,,,,2.543
1233.8,Changes?_ZEUS,,,,,0.094
1243.83,Control_ZEUS,,,,2.249
1243.83,Changes?_ZEUS,,,,,0.064
1253.95,Control_ZEUS,,,,3.272
1253.95,Changes?_ZEUS,,,,,0.069
1263.96,Control_ZEUS,,,,2.548
1263.96,Changes?_ZEUS,,,,,0.051
1273.98,Control_ZEUS,,,,2.182
1273.98,Changes?_ZEUS,,,,,0.052
1284.02,Control_ZEUS,,,,2.228
1284.02,Changes?_ZEUS,,,,,0.074
1294.11,Control_ZEUS,,,,2.595
1294.11,Changes?_ZEUS,,,,,0.051
1304.17,Control_ZEUS,,,,2.204
1304.17,Changes?_ZEUS,,,,,0.06
1314.21,Control_ZEUS,,,,2.183
1314.21,Changes?_ZEUS,,,,,0.091
1324.22,Control_ZEUS,,,,2.301
1324.23,Changes?_ZEUS,,,,,0.094
1334.29,Control_ZEUS,,,,2.19
1334.29,Changes?_ZEUS,,,,,0.065
1344.33,Control_ZEUS,,,,2.349
1344.33,Changes?_ZEUS,,,,,0.07
1354.39,Control_ZEUS,,,,2.443
1354.4,Changes?_ZEUS,,,,,0.058
1364.51,Control_ZEUS,,,,2.405
1364.51,Changes?_ZEUS,,,,,0.074
1374.51,Control_ZEUS,,,,2.376
1374.52,Changes?_ZEUS,,,,,0.053
1384.56,Control_ZEUS,,,,2.308
1384.56,Changes?_ZEUS,,,,,0.054
1394.6,Control_ZEUS,,,,2.004
1394.6,Changes?_ZEUS,,,,,0.059
1404.66,Control_ZEUS,,,,2.336
1404.66,Changes?_ZEUS,,,,,0.054
1414.74,Control_ZEUS,,,,2.308
1414.74,Changes?_ZEUS,,,,,0.06
1424.77,Control_ZEUS,,,,2.269
1424.77,Changes?_ZEUS,,,,,0.053
1434.82,Control_ZEUS,,,,2.26
1434.82,Changes?_ZEUS,,,,,0.06
1444.92,Control_ZEUS,,,,2.423
1444.92,Changes?_ZEUS,,,,,0.055
1454.98,Control_ZEUS,,,,2.342
1454.98,Changes?_ZEUS,,,,,0.056
1465.03,Control_ZEUS,,,,2.497
1465.03,Changes?_ZEUS,,,,,0.05
1475.06,Control_ZEUS,,,,2.269
1475.06,Changes?_ZEUS,,,,,0.065
1485.16,Control_ZEUS,,,,2.302
1485.16,Changes?_ZEUS,,,,,0.058
1495.29,Control_ZEUS,,,,2.525
1495.29,Changes?_ZEUS,,,,,0.059
1505.34,Control_ZEUS,,,,2.324
1505.34,Changes?_ZEUS,,,,,0.055
1515.42,Control_ZEUS,,,,2.299
1515.42,Changes?_ZEUS,,,,,0.077
1525.61,Control_ZEUS,,,,2.666
1525.61,Changes?_ZEUS,,,,,0.102
1535.73,Control_ZEUS,,,,2.566
1535.73,Changes?_ZEUS,,,,,0.073
1546.08,Control_ZEUS,,,,2.76
1546.08,Changes?_ZEUS,,,,,0.073
1555.9,Control_ZEUS,,,,2.578
1555.9,Changes?_ZEUS,,,,,0.082
1566.04,Control_ZEUS,,,,2.987
1566.04,Changes?_ZEUS,,,,,0.075
1576.14,Control_ZEUS,,,,2.378
1576.14,Changes?_ZEUS,,,,,0.053
1586.28,Control_ZEUS,,,,2.291
1586.28,Changes?_ZEUS,,,,,0.092
1596.33,Control_ZEUS,,,,2.274
1596.33,Changes?_ZEUS,,,,,0.086
1606.37,Control_ZEUS,,,,2.485
1606.37,Changes?_ZEUS,,,,,0.081
1616.4,Control_ZEUS,,,,2.502
1616.4,Changes?_ZEUS,,,,,0.07
1626.67,Control_ZEUS,,,,2.477
1626.67,Changes?_ZEUS,,,,,0.08
1636.72,Control_ZEUS,,,,2.536
1636.72,Changes?_ZEUS,,,,,0.08
1646.72,Control_ZEUS,,,,2.385
1646.72,Changes?_ZEUS,,,,,0.078
1656.9,Control_ZEUS,,,,3.122
1656.9,Changes?_ZEUS,,,,,0.06
1666.93,Control_ZEUS,,,,2.501
1666.93,Changes?_ZEUS,,,,,0.052
1676.94,Control_ZEUS,,,,2.396
1676.94,Changes?_ZEUS,,,,,0.084
1686.97,Control_ZEUS,,,,2.54
1686.97,Changes?_ZEUS,,,,,0.093
1696.96,Control_ZEUS,,,,2.207
1696.96,Changes?_ZEUS,,,,,0.052
1707.18,Control_ZEUS,,,,2.323
1707.18,Changes?_ZEUS,,,,,0.084
1717.39,Control_ZEUS,,,,2.266
1717.39,Changes?_ZEUS,,,,,0.08
1727.6,Control_ZEUS,,,,2.117
1727.6,Changes?_ZEUS,,,,,0.074
1737.92,Control_ZEUS,,,,2.853
1737.92,Changes?_ZEUS,,,,,0.302
1747.89,Control_ZEUS,,,,2.189
1747.89,Changes?_ZEUS,,,,,0.051
1758.14,Control_ZEUS,,,,2.564
1758.14,Changes?_ZEUS,,,,,0.053
1768.36,Control_ZEUS,,,,2.14
1768.36,Changes?_ZEUS,,,,,0.08
1778.61,Control_ZEUS,,,,2.353
1778.61,Changes?_ZEUS,,,,,0.098
1788.6,Control_ZEUS,,,,2.124
1788.6,Changes?_ZEUS,,,,,0.052
1798.84,Control_ZEUS,,,,2.281
1798.84,Changes?_ZEUS,,,,,0.085
1809.07,Control_ZEUS,,,,2.238
1809.07,Changes?_ZEUS,,,,,0.103
1819.13,Control_ZEUS,,,,2.134
1819.13,Changes?_ZEUS,,,,,0.05
1829.37,Control_ZEUS,,,,2.397
1829.37,Changes?_ZEUS,,,,,0.069
1839.62,Control_ZEUS,,,,2.258
1839.62,Changes?_ZEUS,,,,,0.082
1849.65,Control_ZEUS,,,,3.236
1849.65,Changes?_ZEUS,,,,,0.278
1859.63,Control_ZEUS,,,,2.244
1859.63,Changes?_ZEUS,,,,,0.068
1869.9,Control_ZEUS,,,,2.409
1869.9,Changes?_ZEUS,,,,,0.067
1880.15,Control_ZEUS,,,,2.302
1880.15,Changes?_ZEUS,,,,,0.055
1890.16,Control_ZEUS,,,,2.655
1890.16,Changes?_ZEUS,,,,,0.054
1900.16,Control_ZEUS,,,,2.435
1900.16,Changes?_ZEUS,,,,,0.051
1910.39,Control_ZEUS,,,,2.292
1910.39,Changes?_ZEUS,,,,,0.056
1920.62,Control_ZEUS,,,,2.185
1920.62,Changes?_ZEUS,,,,,0.073
1930.83,Control_ZEUS,,,,2.154
1930.83,Changes?_ZEUS,,,,,0.054
1941.04,Control_ZEUS,,,,2.324
1941.04,Changes?_ZEUS,,,,,0.054
1951.28,Control_ZEUS,,,,2.331
1951.28,Changes?_ZEUS,,,,,0.065
1961.55,Control_ZEUS,,,,2.266
1961.55,Changes?_ZEUS,,,,,0.054
1971.53,Control_ZEUS,,,,2.346
1971.53,Changes?_ZEUS,,,,,0.075
1981.89,Control_ZEUS,,,,3.251
1981.89,Changes?_ZEUS,,,,,0.101
1991.85,Control_ZEUS,,,,2.08
1991.85,Changes?_ZEUS,,,,,0.052
2002.16,Control_ZEUS,,,,2.266
2002.16,Changes?_ZEUS,,,,,0.06
2012.15,Control_ZEUS,,,,2.357
2012.15,Changes?_ZEUS,,,,,0.081
2022.38,Control_ZEUS,,,,2.3
2022.38,Changes?_ZEUS,,,,,0.055
2032.66,Control_ZEUS,,,,2.283
2032.66,Changes?_ZEUS,,,,,0.062
2042.64,Control_ZEUS,,,,2.241
2042.65,Changes?_ZEUS,,,,,0.053
2052.9,Control_ZEUS,,,,2.436
2052.9,Changes?_ZEUS,,,,,0.054
2063.16,Control_ZEUS,,,,2.263
2063.16,Changes?_ZEUS,,,,,0.065
2073.16,Control_ZEUS,,,,2.4
2073.16,Changes?_ZEUS,,,,,0.06
2083.17,Control_ZEUS,,,,2.163
2083.17,Changes?_ZEUS,,,,,0.057
2093.16,Control_ZEUS,,,,2.173
2093.16,Changes?_ZEUS,,,,,0.051
2103.35,Control_ZEUS,,,,2.089
2103.35,Changes?_ZEUS,,,,,0.054
2113.57,Control_ZEUS,,,,2.19
2113.57,Changes?_ZEUS,,,,,0.052
2123.82,Control_ZEUS,,,,2.253
2123.82,Changes?_ZEUS,,,,,0.051
2134.09,Control_ZEUS,,,,2.919
2134.09,Changes?_ZEUS,,,,,0.089
2144.03,Control_ZEUS,,,,2.024
2144.03,Changes?_ZEUS,,,,,0.054
2154.27,Control_ZEUS,,,,2.184
2154.27,Changes?_ZEUS,,,,,0.052
2164.27,Control_ZEUS,,,,2.216
2164.27,Changes?_ZEUS,,,,,0.054
2174.52,Control_ZEUS,,,,2.407
2174.52,Changes?_ZEUS,,,,,0.054
2184.52,Control_ZEUS,,,,2.351
2184.52,Changes?_ZEUS,,,,,0.054
2194.51,Control_ZEUS,,,,2.215
2194.51,Changes?_ZEUS,,,,,0.055
2204.69,Control_ZEUS,,,,2.011
2204.7,Changes?_ZEUS,,,,,0.076
2214.93,Control_ZEUS,,,,2.163
2214.94,Changes?_ZEUS,,,,,0.05
2225.16,Control_ZEUS,,,,2.057
2225.16,Changes?_ZEUS,,,,,0.053
2235.39,Control_ZEUS,,,,2.078
2235.39,Changes?_ZEUS,,,,,0.052
2245.64,Control_ZEUS,,,,2.308
2245.64,Changes?_ZEUS,,,,,0.083
2255.88,Control_ZEUS,,,,2.185
2255.88,Changes?_ZEUS,,,,,0.077
2266.52,Control_ZEUS,,,,2.682
2266.53,Changes?_ZEUS,,,,,0.068
2276.26,Control_ZEUS,,,,2.335
2276.27,Changes?_ZEUS,,,,,0.108
2286.25,Control_ZEUS,,,,2.313
2286.26,Changes?_ZEUS,,,,,0.077
2296.5,Control_ZEUS,,,,2.273
2296.5,Changes?_ZEUS,,,,,0.066
2306.75,Control_ZEUS,,,,2.312
2306.75,Changes?_ZEUS,,,,,0.083
2317.03,Control_ZEUS,,,,2.312
2317.03,Changes?_ZEUS,,,,,0.055
2327.05,Control_ZEUS,,,,2.449
2327.05,Changes?_ZEUS,,,,,0.051
2337.06,Control_ZEUS,,,,2.178
2337.06,Changes?_ZEUS,,,,,0.057
2347.3,Control_ZEUS,,,,2.017
2347.3,Changes?_ZEUS,,,,,0.081
2357.59,Control_ZEUS,,,,2.278
2357.59,Changes?_ZEUS,,,,,0.089
2367.61,Control_ZEUS,,,,2.216
2367.61,Changes?_ZEUS,,,,,0.082
2377.95,Control_ZEUS,,,,2.609
2377.95,Changes?_ZEUS,,,,,0.129
2387.97,Control_ZEUS,,,,2.282
2387.97,Changes?_ZEUS,,,,,0.078
2398.23,Control_ZEUS,,,,2.547
2398.24,Changes?_ZEUS,,,,,0.058
2408.21,Control_ZEUS,,,,2.115
2408.21,Changes?_ZEUS,,,,,0.078
2418.53,Control_ZEUS,,,,2.48
2418.54,Changes?_ZEUS,,,,,0.075
2428.5,Control_ZEUS,,,,2.169
2428.5,Changes?_ZEUS,,,,,0.075
2438.77,Control_ZEUS,,,,2.294
2438.77,Changes?_ZEUS,,,,,0.062
2448.78,Control_ZEUS,,,,2.086
2448.78,Changes?_ZEUS,,,,,0.062
2459.03,Control_ZEUS,,,,2.309
2459.03,Changes?_ZEUS,,,,,0.073
2469.31,Control_ZEUS,,,,2.287
2469.31,Changes?_ZEUS,,,,,0.063
2479.32,Control_ZEUS,,,,2.373
2479.33,Changes?_ZEUS,,,,,0.117
2489.53,Control_ZEUS,,,,2.154
2489.53,Changes?_ZEUS,,,,,0.075
2499.79,Control_ZEUS,,,,2.218
2499.79,Changes?_ZEUS,,,,,0.052
2510.13,Control_ZEUS,,,,3.151
2510.13,Changes?_ZEUS,,,,,0.073
2520.18,Control_ZEUS,,,,2.324
2520.18,Changes?_ZEUS,,,,,0.077
2530.32,Control_ZEUS,,,,2.674
2530.32,Changes?_ZEUS,,,,,0.076
2540.37,Control_ZEUS,,,,2.364
2540.37,Changes?_ZEUS,,,,,0.07
2550.41,Control_ZEUS,,,,2.549
2550.41,Changes?_ZEUS,,,,,0.085
2560.39,Control_ZEUS,,,,2.174
2560.39,Changes?_ZEUS,,,,,0.077
2570.62,Control_ZEUS,,,,2.195
2570.62,Changes?_ZEUS,,,,,0.087
2580.87,Control_ZEUS,,,,2.401
2580.87,Changes?_ZEUS,,,,,0.051
2591.13,Control_ZEUS,,,,2.431
2591.13,Changes?_ZEUS,,,,,0.068
2601.14,Control_ZEUS,,,,2.224
2601.14,Changes?_ZEUS,,,,,0.056
2611.41,Control_ZEUS,,,,2.309
2611.41,Changes?_ZEUS,,,,,0.054
2621.43,Control_ZEUS,,,,2.179
2621.43,Changes?_ZEUS,,,,,0.073
2631.42,Control_ZEUS,,,,2.293
2631.42,Changes?_ZEUS,,,,,0.069
2641.68,Control_ZEUS,,,,2.368
2641.68,Changes?_ZEUS,,,,,0.074
2651.68,Control_ZEUS,,,,2.232
2651.68,Changes?_ZEUS,,,,,0.063
2661.94,Control_ZEUS,,,,2.256
2661.94,Changes?_ZEUS,,,,,0.065
2672.2,Control_ZEUS,,,,2.368
2672.2,Changes?_ZEUS,,,,,0.068
2682.25,Control_ZEUS,,,,2.573
2682.25,Changes?_ZEUS,,,,,0.072
2692.21,Control_ZEUS,,,,2.101
2692.21,Changes?_ZEUS,,,,,0.057
2702.43,Control_ZEUS,,,,2.381
2702.43,Changes?_ZEUS,,,,,0.08
2712.72,Control_ZEUS,,,,2.34
2712.72,Changes?_ZEUS,,,,,0.061
2722.68,Control_ZEUS,,,,2.17
2722.68,Changes?_ZEUS,,,,,0.06
2732.95,Control_ZEUS,,,,2.214
2732.95,Changes?_ZEUS,,,,,0.059
2742.97,Control_ZEUS,,,,2.417
2742.97,Changes?_ZEUS,,,,,0.075
2753.01,Control_ZEUS,,,,2.379
2753.01,Changes?_ZEUS,,,,,0.053
2763.09,Control_ZEUS,,,,2.287
2763.09,Changes?_ZEUS,,,,,0.059
2773.14,Control_ZEUS,,,,2.299
2773.14,Changes?_ZEUS,,,,,0.051
2783.21,Control_ZEUS,,,,2.392
2783.21,Changes?_ZEUS,,,,,0.087
2793.28,Control_ZEUS,,,,2.324
2793.28,Changes?_ZEUS,,,,,0.088
2803.31,Control_ZEUS,,,,2.244
2803.31,Changes?_ZEUS,,,,,0.05
2813.41,Control_ZEUS,,,,2.354
2813.41,Changes?_ZEUS,,,,,0.061
2823.44,Control_ZEUS,,,,2.278
2823.44,Changes?_ZEUS,,,,,0.061
2833.48,Control_ZEUS,,,,2.269
2833.48,Changes?_ZEUS,,,,,0.051
2843.53,Control_ZEUS,,,,2.309
2843.53,Changes?_ZEUS,,,,,0.059
2853.59,Control_ZEUS,,,,2.293
2853.59,Changes?_ZEUS,,,,,0.052
2863.63,Control_ZEUS,,,,2.465
2863.63,Changes?_ZEUS,,,,,0.059
2873.65,Control_ZEUS,,,,2.336
2873.65,Changes?_ZEUS,,,,,0.05
2883.71,Control_ZEUS,,,,2.327
2883.71,Changes?_ZEUS,,,,,0.079
2894,Control_ZEUS,,,,2.954
2894,Changes?_ZEUS,,,,,0.077
2904.06,Control_ZEUS,,,,2.521
2904.06,Changes?_ZEUS,,,,,0.085
2914.15,Control_ZEUS,,,,2.487
2914.15,Changes?_ZEUS,,,,,0.054
2924.11,Control_ZEUS,,,,2.001
2924.11,Changes?_ZEUS,,,,,0.052
2934.2,Control_ZEUS,,,,2.811
2934.2,Changes?_ZEUS,,,,,0.077
2944.23,Control_ZEUS,,,,2.245
2944.23,Changes?_ZEUS,,,,,0.08
2954.34,Control_ZEUS,,,,2.808
2954.34,Changes?_ZEUS,,,,,0.081
2964.4,Control_ZEUS,,,,2.106
2964.4,Changes?_ZEUS,,,,,0.055
2974.52,Control_ZEUS,,,,2.915
2974.52,Changes?_ZEUS,,,,,0.053
2984.56,Control_ZEUS,,,,2.347
2984.56,Changes?_ZEUS,,,,,0.064
2994.61,Control_ZEUS,,,,2.112
2994.61,Changes?_ZEUS,,,,,0.052
3007.81,Control_ZEUS,,,,19.119
3007.81,Changes?_ZEUS,,,,,0.068
3010.99,LCA,17.647
3010.99,Send_ZEUS,,0.019
3016.04,Selection_ZEUS,,,0.794
3019.7,Control_ZEUS,,,,16.469
3019.7,Changes?_ZEUS,,,,,0.081
3026.55,Control_ZEUS,,,,2.129
3026.55,Changes?_ZEUS,,,,,0.076
3036.74,Control_ZEUS,,,,2.264
3036.75,Changes?_ZEUS,,,,,0.064
3046.96,Control_ZEUS,,,,2.337
3046.96,Changes?_ZEUS,,,,,0.089
3057.1,Control_ZEUS,,,,2.34
3057.1,Changes?_ZEUS,,,,,0.054
3067.37,Control_ZEUS,,,,2.587
3067.37,Changes?_ZEUS,,,,,0.066
3077.57,Control_ZEUS,,,,2.647
3077.57,Changes?_ZEUS,,,,,0.06
3087.77,Control_ZEUS,,,,2.232
3087.77,Changes?_ZEUS,,,,,0.056
3098.06,Control_ZEUS,,,,2.804
3098.06,Changes?_ZEUS,,,,,0.071
3108.02,Control_ZEUS,,,,2.27
3108.02,Changes?_ZEUS,,,,,0.059
3118.25,Control_ZEUS,,,,2.442
3118.25,Changes?_ZEUS,,,,,0.09
3121.59,LCA,18.016
3121.59,Send_ZEUS,,0.017
3126.66,Selection_ZEUS,,,0.897
3131.64,Control_ZEUS,,,,16.96
3131.64,Changes?_ZEUS,,,,,0.091
3138.44,Control_ZEUS,,,,2.714
3138.44,Changes?_ZEUS,,,,,0.052
3148.51,Control_ZEUS,,,,2.164
3148.51,Changes?_ZEUS,,,,,0.055
3158.53,Control_ZEUS,,,,2.197
3158.53,Changes?_ZEUS,,,,,0.052
3168.58,Control_ZEUS,,,,2.097
3168.58,Changes?_ZEUS,,,,,0.095
3178.68,Control_ZEUS,,,,2.709
3178.68,Changes?_ZEUS,,,,,0.052
3188.69,Control_ZEUS,,,,2.132
3188.69,Changes?_ZEUS,,,,,0.055
3198.75,Control_ZEUS,,,,2.338
3198.75,Changes?_ZEUS,,,,,0.076
3208.79,Control_ZEUS,,,,2.1
3208.79,Changes?_ZEUS,,,,,0.053
3218.8,Control_ZEUS,,,,2.077
3218.8,Changes?_ZEUS,,,,,0.055
3228.83,Control_ZEUS,,,,2.233
3228.83,Changes?_ZEUS,,,,,0.055
3238.87,Control_ZEUS,,,,2.31
3238.87,Changes?_ZEUS,,,,,0.051
3249.12,Control_ZEUS,,,,2.343
3249.12,Changes?_ZEUS,,,,,0.064
3259.36,Control_ZEUS,,,,2.572
3259.37,Changes?_ZEUS,,,,,0.166
3269.34,Control_ZEUS,,,,2.204
3269.34,Changes?_ZEUS,,,,,0.059
3279.55,Control_ZEUS,,,,2.32
3279.55,Changes?_ZEUS,,,,,0.054
3289.74,Control_ZEUS,,,,2.221
3289.74,Changes?_ZEUS,,,,,0.052
3299.97,Control_ZEUS,,,,2.163
3299.97,Changes?_ZEUS,,,,,0.06
3310.2,Control_ZEUS,,,,2.258
3310.2,Changes?_ZEUS,,,,,0.096
3320.41,Control_ZEUS,,,,2.174
3320.41,Changes?_ZEUS,,,,,0.063
3330.64,Control_ZEUS,,,,2.317
3330.64,Changes?_ZEUS,,,,,0.053
3340.85,Control_ZEUS,,,,2.275
3340.85,Changes?_ZEUS,,,,,0.053
3351.06,Control_ZEUS,,,,2.086
3351.06,Changes?_ZEUS,,,,,0.051
3361.28,Control_ZEUS,,,,2.167
3361.29,Changes?_ZEUS,,,,,0.054
3371.51,Control_ZEUS,,,,2.258
3371.51,Changes?_ZEUS,,,,,0.051
3381.76,Control_ZEUS,,,,2.278
3381.76,Changes?_ZEUS,,,,,0.088
3391.99,Control_ZEUS,,,,2.353
3391.99,Changes?_ZEUS,,,,,0.054
3402.29,Control_ZEUS,,,,2.666
3402.29,Changes?_ZEUS,,,,,0.084
3412.24,Control_ZEUS,,,,2.175
3412.24,Changes?_ZEUS,,,,,0.076
3422.48,Control_ZEUS,,,,2.381
3422.48,Changes?_ZEUS,,,,,0.06
3432.67,Control_ZEUS,,,,2.05
3432.67,Changes?_ZEUS,,,,,0.053
3442.92,Control_ZEUS,,,,2.395
3442.92,Changes?_ZEUS,,,,,0.06
3453.12,Control_ZEUS,,,,2.075
3453.12,Changes?_ZEUS,,,,,0.052
3463.34,Control_ZEUS,,,,2.274
3463.34,Changes?_ZEUS,,,,,0.051
3473.57,Control_ZEUS,,,,2.141
3473.57,Changes?_ZEUS,,,,,0.054
3483.81,Control_ZEUS,,,,2.212
3483.81,Changes?_ZEUS,,,,,0.084
3494.04,Control_ZEUS,,,,2.392
3494.04,Changes?_ZEUS,,,,,0.054
3504.23,Control_ZEUS,,,,2.041
3504.23,Changes?_ZEUS,,,,,0.051
3514.51,Control_ZEUS,,,,2.689
3514.51,Changes?_ZEUS,,,,,0.052
3524.47,Control_ZEUS,,,,2.14
3524.47,Changes?_ZEUS,,,,,0.05
3534.74,Control_ZEUS,,,,2.657
3534.74,Changes?_ZEUS,,,,,0.054
3544.96,Control_ZEUS,,,,2.084
3544.96,Changes?_ZEUS,,,,,0.052
3555.19,Control_ZEUS,,,,2.172
3555.19,Changes?_ZEUS,,,,,0.053
3565.39,Control_ZEUS,,,,2.171
3565.39,Changes?_ZEUS,,,,,0.074
3575.61,Control_ZEUS,,,,2.296
3575.61,Changes?_ZEUS,,,,,0.05
3585.82,Control_ZEUS,,,,2.121
3585.82,Changes?_ZEUS,,,,,0.068
3596.07,Control_ZEUS,,,,2.193
3596.07,Changes?_ZEUS,,,,,0.054
3606.35,Control_ZEUS,,,,2.739
3606.35,Changes?_ZEUS,,,,,0.094
3616.32,Control_ZEUS,,,,2.137
3616.32,Changes?_ZEUS,,,,,0.067
3626.6,Control_ZEUS,,,,2.379
3626.6,Changes?_ZEUS,,,,,0.086
3636.58,Control_ZEUS,,,,2.32
3636.58,Changes?_ZEUS,,,,,0.068
3646.89,Control_ZEUS,,,,2.75
3646.89,Changes?_ZEUS,,,,,0.074
3656.9,Control_ZEUS,,,,2.265
3656.9,Changes?_ZEUS,,,,,0.061
3666.88,Control_ZEUS,,,,2.309
3666.88,Changes?_ZEUS,,,,,0.06
3677.11,Control_ZEUS,,,,2.068
3677.11,Changes?_ZEUS,,,,,0.052
3687.34,Control_ZEUS,,,,2.238
3687.34,Changes?_ZEUS,,,,,0.051
3697.53,Control_ZEUS,,,,2.041
3697.53,Changes?_ZEUS,,,,,0.051
3707.74,Control_ZEUS,,,,2.128
3707.74,Changes?_ZEUS,,,,,0.058
3718.01,Control_ZEUS,,,,2.151
3718.01,Changes?_ZEUS,,,,,0.071
3728.3,Control_ZEUS,,,,2.332
3728.31,Changes?_ZEUS,,,,,0.091
3738.41,Control_ZEUS,,,,2.703
3738.42,Changes?_ZEUS,,,,,0.078
3748.44,Control_ZEUS,,,,2.182
3748.44,Changes?_ZEUS,,,,,0.079
3758.5,Control_ZEUS,,,,2.736
3758.5,Changes?_ZEUS,,,,,0.073
3768.48,Control_ZEUS,,,,2.255
3768.48,Changes?_ZEUS,,,,,0.068
3778.86,Control_ZEUS,,,,2.81
3778.86,Changes?_ZEUS,,,,,0.074
3788.97,Control_ZEUS,,,,2.521
3788.97,Changes?_ZEUS,,,,,0.073
3799,Control_ZEUS,,,,2.383
3799,Changes?_ZEUS,,,,,0.076
3809,Control_ZEUS,,,,2.381
3809,Changes?_ZEUS,,,,,0.077
3819.01,Control_ZEUS,,,,2.169
3819.01,Changes?_ZEUS,,,,,0.072
3829.01,Control_ZEUS,,,,2.313
3829.01,Changes?_ZEUS,,,,,0.053
3839.02,Control_ZEUS,,,,2.215
3839.03,Changes?_ZEUS,,,,,0.051
3849.03,Control_ZEUS,,,,2.479
3849.04,Changes?_ZEUS,,,,,0.055
3859.03,Control_ZEUS,,,,2.192
3859.03,Changes?_ZEUS,,,,,0.054
3869.05,Control_ZEUS,,,,2.191
3869.05,Changes?_ZEUS,,,,,0.081
3879.03,Control_ZEUS,,,,2.2
3879.03,Changes?_ZEUS,,,,,0.053
3889.03,Control_ZEUS,,,,2.419
3889.03,Changes?_ZEUS,,,,,0.052
3899.24,Control_ZEUS,,,,2.353
3899.24,Changes?_ZEUS,,,,,0.05
3909.51,Control_ZEUS,,,,2.348
3909.52,Changes?_ZEUS,,,,,0.051
3919.75,Control_ZEUS,,,,2.367
3919.75,Changes?_ZEUS,,,,,0.05
3929.98,Control_ZEUS,,,,2.209
3929.98,Changes?_ZEUS,,,,,0.058
3940.23,Control_ZEUS,,,,2.387
3940.23,Changes?_ZEUS,,,,,0.067
3950.56,Control_ZEUS,,,,2.966
3950.56,Changes?_ZEUS,,,,,0.07
3960.6,Control_ZEUS,,,,2.482
3960.6,Changes?_ZEUS,,,,,0.066
3970.78,Control_ZEUS,,,,2.543
3970.78,Changes?_ZEUS,,,,,0.055
3980.83,Control_ZEUS,,,,2.233
3980.83,Changes?_ZEUS,,,,,0.072
3990.84,Control_ZEUS,,,,2.327
3990.84,Changes?_ZEUS,,,,,0.054
4000.85,Control_ZEUS,,,,2.145
4000.85,Changes?_ZEUS,,,,,0.056
4014.35,Control_ZEUS,,,,19.534
4014.35,Changes?_ZEUS,,,,,0.07
4021.04,Control_ZEUS,,,,2.045
4021.04,Changes?_ZEUS,,,,,0.092
4034.45,Control_ZEUS,,,,19.472
4034.45,Changes?_ZEUS,,,,,0.078
4037.42,LCA,17.381
4037.42,Send_ZEUS,,0.013
4042.47,Selection_ZEUS,,,0.799
4045.95,Control_ZEUS,,,,17.466
4045.95,Changes?_ZEUS,,,,,0.095
4052.97,Control_ZEUS,,,,2.383
4052.97,Changes?_ZEUS,,,,,0.054
4062.98,Control_ZEUS,,,,2.362
4062.98,Changes?_ZEUS,,,,,0.052
4073.22,Control_ZEUS,,,,2.43
4073.22,Changes?_ZEUS,,,,,0.053
4083.44,Control_ZEUS,,,,2.219
4083.44,Changes?_ZEUS,,,,,0.057
4093.67,Control_ZEUS,,,,2.218
4093.67,Changes?_ZEUS,,,,,0.061
4104.02,Control_ZEUS,,,,2.724
4104.02,Changes?_ZEUS,,,,,0.121
4114.08,Control_ZEUS,,,,3.069
4114.08,Changes?_ZEUS,,,,,0.055
4124.03,Control_ZEUS,,,,2.379
4124.03,Changes?_ZEUS,,,,,0.051
4134.24,Control_ZEUS,,,,2.26
4134.25,Changes?_ZEUS,,,,,0.051
4144.47,Control_ZEUS,,,,2.39
4144.47,Changes?_ZEUS,,,,,0.053
4154.67,Control_ZEUS,,,,2.193
4154.67,Changes?_ZEUS,,,,,0.051
4164.9,Control_ZEUS,,,,2.225
4164.9,Changes?_ZEUS,,,,,0.075
4175.27,Control_ZEUS,,,,2.868
4175.27,Changes?_ZEUS,,,,,0.082
4185.18,Control_ZEUS,,,,2.174
4185.18,Changes?_ZEUS,,,,,0.075
4195.39,Control_ZEUS,,,,2.356
4195.39,Changes?_ZEUS,,,,,0.064
4205.62,Control_ZEUS,,,,2.332
4205.62,Changes?_ZEUS,,,,,0.052
4215.84,Control_ZEUS,,,,2.186
4215.84,Changes?_ZEUS,,,,,0.057
4226.06,Control_ZEUS,,,,2.413
4226.06,Changes?_ZEUS,,,,,0.06
4236.23,Control_ZEUS,,,,2.166
4236.23,Changes?_ZEUS,,,,,0.053
4246.46,Control_ZEUS,,,,2.385
4246.46,Changes?_ZEUS,,,,,0.071
4256.46,Control_ZEUS,,,,2.352
4256.46,Changes?_ZEUS,,,,,0.075
4266.75,Control_ZEUS,,,,2.993
4266.75,Changes?_ZEUS,,,,,0.055
4276.7,Control_ZEUS,,,,2.399
4276.71,Changes?_ZEUS,,,,,0.052
4286.92,Control_ZEUS,,,,2.274
4286.93,Changes?_ZEUS,,,,,0.057
4297.15,Control_ZEUS,,,,2.236
4297.15,Changes?_ZEUS,,,,,0.054
4307.36,Control_ZEUS,,,,2.216
4307.36,Changes?_ZEUS,,,,,0.052
4317.58,Control_ZEUS,,,,2.357
4317.58,Changes?_ZEUS,,,,,0.05
4327.79,Control_ZEUS,,,,2.461
4327.79,Changes?_ZEUS,,,,,0.069
4338.02,Control_ZEUS,,,,2.191
4338.02,Changes?_ZEUS,,,,,0.089
4348.26,Control_ZEUS,,,,2.232
4348.26,Changes?_ZEUS,,,,,0.072
4358.57,Control_ZEUS,,,,2.554
4358.57,Changes?_ZEUS,,,,,0.07
4368.56,Control_ZEUS,,,,2.307
4368.56,Changes?_ZEUS,,,,,0.052
4378.81,Control_ZEUS,,,,2.903
4378.81,Changes?_ZEUS,,,,,0.074
4388.78,Control_ZEUS,,,,2.13
4388.78,Changes?_ZEUS,,,,,0.076
4399.07,Control_ZEUS,,,,2.367
4399.07,Changes?_ZEUS,,,,,0.074
4409.16,Control_ZEUS,,,,2.333
4409.16,Changes?_ZEUS,,,,,0.081
4419.3,Control_ZEUS,,,,2.357
4419.3,Changes?_ZEUS,,,,,0.07
4429.37,Control_ZEUS,,,,2.329
4429.37,Changes?_ZEUS,,,,,0.067
4439.52,Control_ZEUS,,,,3.031
4439.52,Changes?_ZEUS,,,,,0.073
4449.57,Control_ZEUS,,,,2.853
4449.57,Changes?_ZEUS,,,,,0.075
4459.71,Control_ZEUS,,,,2.59
4459.71,Changes?_ZEUS,,,,,0.07
4469.74,Control_ZEUS,,,,2.677
4469.75,Changes?_ZEUS,,,,,0.069
4479.79,Control_ZEUS,,,,2.425
4479.79,Changes?_ZEUS,,,,,0.083
4489.84,Control_ZEUS,,,,2.435
4489.85,Changes?_ZEUS,,,,,0.065
4499.9,Control_ZEUS,,,,2.684
4499.9,Changes?_ZEUS,,,,,0.078
4509.93,Control_ZEUS,,,,2.587
4509.93,Changes?_ZEUS,,,,,0.077
4519.98,Control_ZEUS,,,,2.402
4519.98,Changes?_ZEUS,,,,,0.073
4530.01,Control_ZEUS,,,,2.48
4530.01,Changes?_ZEUS,,,,,0.072
4540.04,Control_ZEUS,,,,2.329
4540.04,Changes?_ZEUS,,,,,0.073
4550.09,Control_ZEUS,,,,2.578
4550.09,Changes?_ZEUS,,,,,0.097
4560.13,Control_ZEUS,,,,2.293
4560.13,Changes?_ZEUS,,,,,0.068
4570.52,Control_ZEUS,,,,3.191
4570.52,Changes?_ZEUS,,,,,0.063
4580.29,Control_ZEUS,,,,2.46
4580.29,Changes?_ZEUS,,,,,0.107
4590.28,Control_ZEUS,,,,2.327
4590.28,Changes?_ZEUS,,,,,0.058
4600.3,Control_ZEUS,,,,2.588
4600.3,Changes?_ZEUS,,,,,0.055
4610.36,Control_ZEUS,,,,2.214
4610.36,Changes?_ZEUS,,,,,0.112
4620.37,Control_ZEUS,,,,2.441
4620.37,Changes?_ZEUS,,,,,0.071
4631.03,Control_ZEUS,,,,3.41
4631.03,Changes?_ZEUS,,,,,0.199
4640.82,Control_ZEUS,,,,2.358
4640.82,Changes?_ZEUS,,,,,0.056
4651.08,Control_ZEUS,,,,3.081
4651.08,Changes?_ZEUS,,,,,0.063
4661.07,Control_ZEUS,,,,2.962
4661.07,Changes?_ZEUS,,,,,0.073
4670.84,Control_ZEUS,,,,2.497
4670.84,Changes?_ZEUS,,,,,0.157
4680.77,Control_ZEUS,,,,2.112
4680.77,Changes?_ZEUS,,,,,0.074
4691.56,Control_ZEUS,,,,3.306
4691.56,Changes?_ZEUS,,,,,0.069
4701.33,Control_ZEUS,,,,2.92
4701.33,Changes?_ZEUS,,,,,0.074
4711.04,Control_ZEUS,,,,2.328
4711.04,Changes?_ZEUS,,,,,0.074
4721.27,Control_ZEUS,,,,2.465
4721.27,Changes?_ZEUS,,,,,0.072
4731.45,Control_ZEUS,,,,2.128
4731.45,Changes?_ZEUS,,,,,0.066
4741.68,Control_ZEUS,,,,2.315
4741.68,Changes?_ZEUS,,,,,0.073
4751.87,Control_ZEUS,,,,2.104
4751.87,Changes?_ZEUS,,,,,0.053
4762.07,Control_ZEUS,,,,2.315
4762.07,Changes?_ZEUS,,,,,0.051
4772.64,Control_ZEUS,,,,2.755
4772.64,Changes?_ZEUS,,,,,0.11
4782.34,Control_ZEUS,,,,2.248
4782.34,Changes?_ZEUS,,,,,0.057
4792.59,Control_ZEUS,,,,2.499
4792.59,Changes?_ZEUS,,,,,0.091
4803.02,Control_ZEUS,,,,2.981
4803.02,Changes?_ZEUS,,,,,0.092
4813.07,Control_ZEUS,,,,2.428
4813.07,Changes?_ZEUS,,,,,0.095
4823.13,Control_ZEUS,,,,3.007
4823.13,Changes?_ZEUS,,,,,0.056
4833.21,Control_ZEUS,,,,2.465
4833.21,Changes?_ZEUS,,,,,0.077
4843.26,Control_ZEUS,,,,2.435
4843.26,Changes?_ZEUS,,,,,0.078
4853.25,Control_ZEUS,,,,2.282
4853.25,Changes?_ZEUS,,,,,0.064
4863.37,Control_ZEUS,,,,2.463
4863.37,Changes?_ZEUS,,,,,0.055
4873.39,Control_ZEUS,,,,2.454
4873.39,Changes?_ZEUS,,,,,0.056
4883.41,Control_ZEUS,,,,2.411
4883.41,Changes?_ZEUS,,,,,0.071
4893.39,Control_ZEUS,,,,2.163
4893.4,Changes?_ZEUS,,,,,0.169
4903.62,Control_ZEUS,,,,2.088
4903.62,Changes?_ZEUS,,,,,0.073
4913.84,Control_ZEUS,,,,2.272
4913.84,Changes?_ZEUS,,,,,0.116
4924.11,Control_ZEUS,,,,2.207
4924.12,Changes?_ZEUS,,,,,0.159
4934.08,Control_ZEUS,,,,2.279
4934.08,Changes?_ZEUS,,,,,0.056
4944.35,Control_ZEUS,,,,2.604
4944.35,Changes?_ZEUS,,,,,0.159
4954.37,Control_ZEUS,,,,2.375
4954.37,Changes?_ZEUS,,,,,0.079
4964.39,Control_ZEUS,,,,2.367
4964.39,Changes?_ZEUS,,,,,0.141
4974.7,Control_ZEUS,,,,2.535
4974.7,Changes?_ZEUS,,,,,0.077
4984.71,Control_ZEUS,,,,2.272
4984.72,Changes?_ZEUS,,,,,0.154
4994.94,Control_ZEUS,,,,2.187
4994.94,Changes?_ZEUS,,,,,0.078
5005.1,Control_ZEUS,,,,2.098
5005.1,Changes?_ZEUS,,,,,0.132
5015.31,Control_ZEUS,,,,2.406
5015.31,Changes?_ZEUS,,,,,0.059
5025.55,Control_ZEUS,,,,2.278
5025.56,Changes?_ZEUS,,,,,0.108
5035.53,Control_ZEUS,,,,2.227
5035.53,Changes?_ZEUS,,,,,0.057
