40.659978,,-1.000000,-1.000000,-1.000000,,3.500000,4.443275,3.967210,,
43.175972,,3.500000,4.443275,3.967210,,3.476808,4.470182,3.973495,,
52.982295,,3.476808,4.470182,3.973495,,3.485379,4.481202,3.983291,,
63.053109,,3.485379,4.481202,3.983291,,3.477699,4.471327,3.974513,,
73.163153,,3.477699,4.471327,3.974513,,3.570697,4.463371,4.066627,,
83.241230,,3.570697,4.463371,4.066627,,3.465229,4.455294,3.960262,,
93.396126,,3.465229,4.455294,3.960262,,3.475357,4.468316,3.971836,,
103.458337,,3.475357,4.468316,3.971836,,3.442978,4.426686,3.934832,,
113.567304,,3.442978,4.426686,3.934832,,3.477208,4.470696,4.073301,,
123.661257,,3.477208,4.470696,4.073301,,3.462209,4.451411,3.956810,,
133.751125,,3.462209,4.451411,3.956810,,3.573546,4.466933,3.970607,,
143.812609,,3.573546,4.466933,3.970607,,3.466801,4.457316,3.962059,,
153.911308,,3.466801,4.457316,3.962059,,3.469207,4.460408,3.964807,,
164.349044,,3.469207,4.460408,3.964807,,3.476508,4.469796,3.973152,,
174.149686,,3.476508,4.469796,3.973152,,3.428356,4.505840,4.016075,,
184.212472,,3.428356,4.505840,4.016075,,3.486782,4.383383,3.984894,,
194.409877,,3.486782,4.383383,3.984894,,3.483714,4.479061,3.981388,,
204.619982,,3.483714,4.479061,3.981388,,3.523526,4.502283,4.012905,,
214.700859,,3.523526,4.502283,4.012905,,3.430426,4.410548,3.920487,,
224.761617,,3.430426,4.410548,3.920487,,3.569969,4.462461,4.065798,,
234.858778,,3.569969,4.462461,4.065798,,3.473224,4.465574,3.969399,,
245.127319,,3.473224,4.465574,3.969399,,3.469064,4.460225,3.964644,,
255.019578,,3.469064,4.460225,3.964644,,3.491929,4.489623,3.990776,,
265.236712,,3.491929,4.489623,3.990776,,3.456998,4.444712,3.950855,,
275.407558,,3.456998,4.444712,3.950855,,3.419802,4.494596,4.006053,,
285.641721,,3.419802,4.494596,4.006053,,3.541255,4.426569,3.934728,,
295.709108,,3.541255,4.426569,3.934728,,3.425105,4.501567,4.012266,,
306.060893,,3.425105,4.501567,4.012266,,3.567049,4.458811,3.963388,,
315.874878,,3.567049,4.458811,3.963388,,3.468855,4.459956,3.964405,,
325.964008,,3.468855,4.459956,3.964405,,3.474582,4.467320,4.070225,,
336.105829,,3.474582,4.467320,4.070225,,3.472583,4.464749,3.968666,,
346.185483,,3.472583,4.464749,3.968666,,3.452228,4.438578,3.945403,,
356.311858,,3.452228,4.438578,3.945403,,3.473190,4.465530,3.969360,,
366.442408,,3.473190,4.465530,3.969360,,3.557404,4.446756,4.051488,,
376.986387,,3.557404,4.446756,4.051488,,3.449790,4.435444,3.942617,,
386.965666,,3.449790,4.435444,3.942617,,3.486590,4.482758,3.984674,,
397.323188,,3.486590,4.482758,3.984674,,3.517123,4.494102,4.005613,,
407.192327,,3.517123,4.494102,4.005613,,3.465283,4.455363,3.960323,,
417.503260,,3.465283,4.455363,3.960323,,3.458514,4.446660,3.952587,,
427.295334,,3.458514,4.446660,3.952587,,3.481891,4.476717,4.078787,,
437.150682,,3.481891,4.476717,4.078787,,3.479117,4.473150,3.976133,,
447.228243,,3.479117,4.473150,3.976133,,3.468319,4.459267,3.963793,,
457.283144,,3.468319,4.459267,3.963793,,3.471167,4.462929,3.967048,,
467.412118,,3.471167,4.462929,3.967048,,3.471465,4.463312,3.967389,,
477.452748,,3.471465,4.463312,3.967389,,3.470033,4.461471,3.965752,,
487.508133,,3.470033,4.461471,3.965752,,3.576821,4.471027,4.073602,,
497.575310,,3.576821,4.471027,4.073602,,3.385826,4.381657,3.983324,,
507.664266,,3.385826,4.381657,3.983324,,3.557049,4.446311,3.952277,,
517.759390,,3.557049,4.446311,3.952277,,3.488720,4.485497,3.987109,,
527.878473,,3.488720,4.485497,3.987109,,3.465410,4.455527,3.960468,,
537.927590,,3.465410,4.455527,3.960468,,3.458417,4.446536,4.051288,,
547.977643,,3.458417,4.446536,4.051288,,3.481209,4.475841,3.978525,,
558.036084,,3.481209,4.475841,3.978525,,3.486136,4.482175,3.984155,,
568.085765,,3.486136,4.482175,3.984155,,3.474882,4.467706,3.971294,,
578.147754,,3.474882,4.467706,3.971294,,3.484520,4.480097,3.982308,,
588.194783,,3.484520,4.480097,3.982308,,3.483478,4.379229,3.981117,,
598.233688,,3.483478,4.379229,3.981117,,3.479930,4.474196,3.977063,,
608.328317,,3.479930,4.474196,3.977063,,3.474862,4.467680,3.971271,,
618.367596,,3.474862,4.467680,3.971271,,3.480017,4.474307,3.977162,,
628.394206,,3.480017,4.474307,3.977162,,3.481796,4.476595,3.979195,,
638.415493,,3.481796,4.476595,3.979195,,3.494460,4.393036,3.993669,,
648.480296,,3.494460,4.393036,3.993669,,3.486397,4.482510,3.984453,,
658.523901,,3.486397,4.482510,3.984453,,3.484643,4.480256,3.982450,,
668.565949,,3.484643,4.480256,3.982450,,3.488804,4.485605,4.086885,,
678.579507,,3.488804,4.485605,4.086885,,3.484259,4.479762,3.982010,,
688.593696,,3.484259,4.479762,3.982010,,3.498664,4.398320,3.998473,,
698.675400,,3.498664,4.398320,3.998473,,3.488766,4.485557,3.987161,,
708.769757,,3.488766,4.485557,3.987161,,3.464567,4.454443,3.959505,,
718.833958,,3.464567,4.454443,3.959505,,3.468363,4.459324,3.963844,,
728.876232,,3.468363,4.459324,3.963844,,3.489610,4.486641,3.988125,,
738.932442,,3.489610,4.486641,3.988125,,3.480514,4.474947,3.977730,,
749.014144,,3.480514,4.474947,3.977730,,3.579729,4.474662,3.977477,,
759.067792,,3.579729,4.474662,3.977477,,3.472916,4.465177,3.969046,,
769.139141,,3.472916,4.465177,3.969046,,3.474537,4.467261,4.070172,,
779.244636,,3.474537,4.467261,4.070172,,3.472566,4.365511,3.968647,,
789.298975,,3.472566,4.365511,3.968647,,3.468684,4.459737,3.964210,,
799.341570,,3.468684,4.459737,3.964210,,3.477614,4.471218,3.974416,,
809.376683,,3.477614,4.471218,3.974416,,3.496019,4.494881,3.995450,,
819.404994,,3.496019,4.494881,3.995450,,3.483735,4.479087,3.981411,,
829.423773,,3.483735,4.479087,3.981411,,3.495736,4.394640,3.995127,,
839.482973,,3.495736,4.394640,3.995127,,3.481999,4.476856,3.979427,,
849.529446,,3.481999,4.476856,3.979427,,3.484843,4.480513,3.982678,,
859.910360,,3.484843,4.480513,3.982678,,3.476784,4.470151,3.973467,,
869.677992,,3.476784,4.470151,3.973467,,3.459224,4.447574,4.052234,,
879.690197,,3.459224,4.447574,4.052234,,3.495593,4.494334,3.994964,,
889.704880,,3.495593,4.494334,3.994964,,3.494163,4.392662,3.993329,,
899.726061,,3.494163,4.392662,3.993329,,3.493616,4.491792,3.992704,,
909.764806,,3.493616,4.491792,3.992704,,3.490145,4.487329,3.988737,,
919.815944,,3.490145,4.487329,3.988737,,3.489893,4.487005,3.988449,,
929.834674,,3.489893,4.487005,3.988449,,3.480855,4.375932,3.978120,,
939.853957,,3.480855,4.375932,3.978120,,3.498602,4.498202,3.998402,,
949.935543,,3.498602,4.498202,3.998402,,3.488452,4.485152,3.986802,,
959.955403,,3.488452,4.485152,3.986802,,3.467605,4.458349,3.962977,,
969.971968,,3.467605,4.458349,3.962977,,3.495698,4.394592,3.995084,,
979.991297,,3.495698,4.394592,3.995084,,3.397754,4.497028,3.997358,,
989.999968,,3.397754,4.497028,3.997358,,3.493638,4.491821,3.992730,,
1000.012256,,3.493638,4.491821,3.992730,,3.494684,4.393317,3.993925,,
1010.047231,,3.494684,4.393317,3.993925,,3.495120,4.493726,3.994423,,
1020.063561,,3.495120,4.493726,3.994423,,3.486885,4.483138,3.985011,,
1030.140273,,3.486885,4.483138,3.985011,,3.499816,4.399769,3.999790,,
1040.236714,,3.499816,4.399769,3.999790,,3.473359,4.465747,3.969553,,
1050.322094,,3.473359,4.465747,3.969553,,3.460644,4.548275,3.955022,,
1060.355390,,3.460644,4.548275,3.955022,,3.469961,4.461379,3.965670,,
1070.376462,,3.469961,4.461379,3.965670,,3.487564,4.384366,3.985787,,
1080.440081,,3.487564,4.384366,3.985787,,3.498923,4.498615,3.998769,,
1090.414194,,3.498923,4.498615,3.998769,,3.473119,4.465439,3.969279,,
1100.757662,,3.473119,4.465439,3.969279,,3.516017,4.492688,4.004352,,
1110.825667,,3.516017,4.492688,4.004352,,3.474397,4.467081,3.970739,,
1120.845445,,3.474397,4.467081,3.970739,,3.479809,4.374618,3.976925,,
1130.887953,,3.479809,4.374618,3.976925,,3.492338,4.490149,3.991244,,
1140.941322,,3.492338,4.490149,3.991244,,3.480782,4.475291,3.978036,,
1150.969270,,3.480782,4.475291,3.978036,,3.484185,4.479667,3.981926,,
1161.063747,,3.484185,4.479667,3.981926,,3.485591,4.481474,3.983533,,
1171.195510,,3.485591,4.481474,3.983533,,3.474257,4.466902,3.970579,,
1181.392212,,3.474257,4.466902,3.970579,,3.449933,4.435628,4.041350,,
1191.430200,,3.449933,4.435628,4.041350,,3.531904,4.512988,4.022446,,
1201.427052,,3.531904,4.512988,4.022446,,3.486182,4.382629,3.984208,,
1211.691160,,3.486182,4.382629,3.984208,,3.512869,4.488666,3.903188,,
1221.946846,,3.512869,4.488666,3.903188,,3.415808,4.489347,4.001375,,
1231.945506,,3.415808,4.489347,4.001375,,3.495914,4.394864,3.995331,,
1242.216560,,3.495914,4.394864,3.995331,,3.513343,4.489272,4.001308,,
1252.238352,,3.513343,4.489272,4.001308,,3.484218,4.479708,3.981963,,
1262.248849,,3.484218,4.479708,3.981963,,3.497384,4.396712,3.997011,,
1272.274807,,3.497384,4.396712,3.997011,,3.498105,4.497564,3.997834,,
1282.280804,,3.498105,4.497564,3.997834,,3.486972,4.483250,3.985111,,
1292.253388,,3.486972,4.483250,3.985111,,3.398095,4.497479,3.897815,,
1302.587617,,3.398095,4.497479,3.897815,,3.522155,4.402694,4.011343,,
1312.611043,,3.522155,4.402694,4.011343,,3.471528,4.463393,3.967461,,
1322.633276,,3.471528,4.463393,3.967461,,3.496030,4.494895,3.995462,,
1332.656880,,3.496030,4.494895,3.995462,,3.487221,4.383934,3.985395,,
1342.699722,,3.487221,4.383934,3.985395,,3.490811,4.488185,3.989498,,
1352.675237,,3.490811,4.488185,3.989498,,3.491791,4.489446,3.990619,,
1362.950228,,3.491791,4.489446,3.990619,,3.421003,4.496175,4.007460,,
1372.968085,,3.421003,4.496175,4.007460,,3.485280,4.381495,3.983177,,
1383.234552,,3.485280,4.381495,3.983177,,3.513832,4.489896,4.001864,,
1393.240180,,3.513832,4.489896,4.001864,,3.487716,4.484207,3.985961,,
1403.541870,,3.487716,4.484207,3.985961,,3.511779,4.487273,3.999526,,
1413.580111,,3.511779,4.487273,3.999526,,3.482098,4.476983,3.979541,,
1424.088093,,3.482098,4.476983,3.979541,,3.481555,4.376812,3.978920,,
1433.829731,,3.481555,4.376812,3.978920,,3.418585,4.492998,4.004629,,
1444.107229,,3.418585,4.492998,4.004629,,3.514726,4.491038,3.905251,,
1454.095268,,3.514726,4.491038,3.905251,,3.488884,4.485708,3.987296,,
1464.336563,,3.488884,4.485708,3.987296,,3.517730,4.397162,4.006303,,
1474.550874,,3.517730,4.397162,4.006303,,3.417709,4.491846,4.003602,,
1484.750562,,3.417709,4.491846,4.003602,,3.521469,4.499655,4.010562,,
1494.983969,,3.521469,4.499655,4.010562,,3.432449,4.413149,3.922799,,
1505.188968,,3.432449,4.413149,3.922799,,3.514838,4.491182,4.003010,,
1515.481112,,3.514838,4.491182,4.003010,,3.535173,4.418966,4.026169,,
1525.454213,,3.535173,4.418966,4.026169,,3.485892,4.481861,3.983876,,
1535.660909,,3.485892,4.481861,3.983876,,3.419808,4.494605,4.006061,,
1545.879500,,3.419808,4.494605,4.006061,,3.525629,4.407037,3.917366,,
1556.098311,,3.525629,4.407037,3.917366,,3.426124,4.502906,4.013460,,
1566.308728,,3.426124,4.502906,4.013460,,3.524029,4.405037,4.013478,,
1576.555496,,3.524029,4.405037,4.013478,,3.523575,4.502346,4.012961,,
1586.672325,,3.523575,4.502346,4.012961,,3.399898,4.399868,3.899883,,
1596.729490,,3.399898,4.399868,3.899883,,3.561910,4.452387,4.056619,,
1606.741933,,3.561910,4.452387,4.056619,,3.482320,4.477269,3.979795,,
1616.983832,,3.482320,4.477269,3.979795,,3.491966,4.489671,3.990818,,
1627.050945,,3.491966,4.489671,3.990818,,3.418117,4.492383,4.004080,,
1637.184416,,3.418117,4.492383,4.004080,,3.474919,4.467752,3.971336,,
1647.289942,,3.474919,4.467752,3.971336,,3.555945,4.444931,3.951050,,
1657.390828,,3.555945,4.444931,3.951050,,3.469452,4.460724,3.965088,,
1667.456362,,3.469452,4.460724,3.965088,,3.457266,4.445057,4.049940,,
1677.605824,,3.457266,4.445057,4.049940,,3.474842,4.467655,3.971249,,
1687.797103,,3.474842,4.467655,3.971249,,3.549318,4.436647,3.943686,,
1697.825228,,3.549318,4.436647,3.943686,,3.428720,4.506318,4.016500,,
1707.879628,,3.428720,4.506318,4.016500,,3.497338,4.496577,3.996957,,
1717.976628,,3.497338,4.496577,3.996957,,3.479838,4.374653,3.976957,,
1727.955368,,3.479838,4.374653,3.976957,,3.471764,4.463696,3.967730,,
1737.943552,,3.471764,4.463696,3.967730,,3.497384,4.496636,3.997010,,
1748.168349,,3.497384,4.496636,3.997010,,3.517357,4.494401,4.005879,,
1758.375187,,3.517357,4.494401,4.005879,,3.424366,4.402757,3.913562,,
1768.582616,,3.424366,4.402757,3.913562,,3.526656,4.506282,4.016469,,
1778.796353,,3.526656,4.506282,4.016469,,3.429144,4.408900,4.016998,,
1789.116240,,3.429144,4.408900,4.016998,,3.523496,4.502245,3.914996,,
1799.036509,,3.523496,4.502245,3.914996,,3.482996,4.478138,3.980567,,
1809.225240,,3.482996,4.478138,3.980567,,3.440531,4.423539,4.030336,,
1819.397602,,3.440531,4.423539,4.030336,,3.534018,4.515690,4.024854,,
1829.595242,,3.534018,4.515690,4.024854,,3.434374,4.415623,3.924998,,
1839.922282,,3.434374,4.415623,3.924998,,3.536168,4.518436,4.027302,,
1849.869897,,3.536168,4.518436,4.027302,,3.468710,4.459770,3.964240,,
1860.055175,,3.468710,4.459770,3.964240,,3.437600,4.419771,4.026903,,
1870.263907,,3.437600,4.419771,4.026903,,3.529539,4.411924,3.921710,,
1880.459348,,3.529539,4.411924,3.921710,,3.430378,4.508496,4.018442,,
1890.828368,,3.430378,4.508496,4.018442,,3.535745,4.419681,4.026820,,
1900.812153,,3.535745,4.419681,4.026820,,3.454007,4.539552,3.947437,,
1911.140845,,3.454007,4.539552,3.947437,,3.517745,4.397181,4.006321,,
1921.164147,,3.517745,4.397181,4.006321,,3.466978,4.457543,3.962260,,
1931.212921,,3.466978,4.457543,3.962260,,3.490833,4.488214,3.989524,,
1941.327177,,3.490833,4.488214,3.989524,,3.483059,4.478219,3.980639,,
1951.366441,,3.483059,4.478219,3.980639,,3.465248,4.455319,3.960284,,
1961.410995,,3.465248,4.455319,3.960284,,3.480671,4.475148,3.977909,,
1971.417325,,3.480671,4.475148,3.977909,,3.491791,4.389681,3.990619,,
1981.509024,,3.491791,4.389681,3.990619,,3.495568,4.494301,3.994935,,
1991.548844,,3.495568,4.494301,3.994935,,3.464422,4.454257,3.959340,,
2001.523793,,3.464422,4.454257,3.959340,,3.486004,4.482005,3.984004,,
2011.702357,,3.486004,4.482005,3.984004,,3.528352,4.410440,4.018401,,
2021.962042,,3.528352,4.410440,4.018401,,3.434954,4.514511,4.023803,,
2031.917147,,3.434954,4.514511,4.023803,,3.495185,4.393947,3.894634,,
2042.256458,,3.495185,4.393947,3.894634,,3.429932,4.507911,4.017921,,
2052.281111,,3.429932,4.507911,4.017921,,3.570511,4.463139,3.967235,,
2062.224711,,3.570511,4.463139,3.967235,,3.491394,4.488935,3.990165,,
2072.468236,,3.491394,4.488935,3.990165,,3.435167,4.416644,4.024053,,
2082.415184,,3.435167,4.416644,4.024053,,3.498789,4.498443,3.998616,,
2092.617711,,3.498789,4.498443,3.998616,,3.432610,4.413356,3.922983,,
2102.830993,,3.432610,4.413356,3.922983,,3.521926,4.500239,4.011082,,
2113.024722,,3.521926,4.500239,4.011082,,3.437625,4.419803,4.026932,,
2123.209807,,3.437625,4.419803,4.026932,,3.533590,4.515143,3.926211,,
2133.400654,,3.533590,4.515143,3.926211,,3.432065,4.412655,4.020419,,
2143.602327,,3.432065,4.412655,4.020419,,3.533545,4.515086,3.926162,,
2153.942907,,3.533545,4.515086,3.926162,,3.429380,4.409203,4.017274,,
2163.901026,,3.429380,4.409203,4.017274,,3.567061,4.458827,3.963401,,
2174.098935,,3.567061,4.458827,3.963401,,3.423614,4.499607,4.010519,,
2184.311716,,3.423614,4.499607,4.010519,,3.537313,4.421642,3.930348,,
2194.532459,,3.537313,4.421642,3.930348,,3.422467,4.498099,4.009176,,
2204.727479,,3.422467,4.498099,4.009176,,3.523203,4.404004,4.012537,,
2214.935099,,3.523203,4.404004,4.012537,,3.435971,4.515847,4.024994,,
2225.136778,,3.435971,4.515847,4.024994,,3.527205,4.409006,3.919116,,
2235.325741,,3.527205,4.409006,3.919116,,3.431039,4.509365,4.019217,,
2246.392159,,3.431039,4.509365,4.019217,,3.530832,4.413540,3.923147,,
2255.651773,,3.530832,4.413540,3.923147,,3.473554,4.465998,4.069020,,
2265.881303,,3.473554,4.465998,4.069020,,3.514807,4.491143,3.905342,,
2276.086436,,3.514807,4.491143,3.905342,,3.420690,4.495764,4.007094,,
2286.378825,,3.420690,4.495764,4.007094,,3.526000,4.407499,4.015722,,
2296.339588,,3.526000,4.407499,4.015722,,3.486904,4.483163,3.985033,,
2306.602854,,3.486904,4.483163,3.985033,,3.426147,4.405046,4.013486,,
2316.541048,,3.426147,4.405046,4.013486,,3.493646,4.491830,3.992738,,
2326.882260,,3.493646,4.491830,3.992738,,3.535800,4.419750,3.928667,,
2336.830339,,3.535800,4.419750,3.928667,,3.472965,4.465241,3.969103,,
2347.043589,,3.472965,4.465241,3.969103,,3.431592,4.510093,4.019865,,
2357.254687,,3.431592,4.510093,4.019865,,3.516154,4.395193,4.004509,,
2367.458377,,3.516154,4.395193,4.004509,,3.526975,4.506690,3.918861,,
2377.649945,,3.526975,4.506690,3.918861,,3.434087,4.415255,4.022788,,
2387.834461,,3.434087,4.415255,4.022788,,3.530117,4.510705,4.020411,,
2398.044152,,3.530117,4.510705,4.020411,,3.436098,4.417840,3.926969,,
2408.261288,,3.436098,4.417840,3.926969,,3.526571,4.506174,4.016372,,
2418.458207,,3.526571,4.506174,4.016372,,3.426376,4.405341,4.013755,,
2428.657092,,3.426376,4.405341,4.013755,,3.530088,4.510669,3.922320,,
2438.827881,,3.530088,4.510669,3.922320,,3.436117,4.417865,4.025166,,
2449.082221,,3.436117,4.417865,4.025166,,3.532404,4.513627,3.924893,,
2459.278584,,3.532404,4.513627,3.924893,,3.419737,4.396804,4.005977,,
2469.469076,,3.419737,4.396804,4.005977,,3.527282,4.507083,4.017183,,
2480.235384,,3.527282,4.507083,4.017183,,3.431833,4.412356,3.922094,,
2489.681574,,3.431833,4.412356,3.922094,,3.497733,4.497086,3.997410,,
2499.883529,,3.497733,4.497086,3.997410,,3.527386,4.409233,4.017301,,
2510.175163,,3.527386,4.409233,4.017301,,3.436809,4.516949,4.025976,,
2520.127237,,3.436809,4.516949,4.025976,,3.479909,4.474169,3.977039,,
2530.354919,,3.479909,4.474169,3.977039,,3.530313,4.412891,3.922570,,
2540.545901,,3.530313,4.412891,3.922570,,3.522814,4.501374,4.012094,,
2550.752075,,3.522814,4.501374,4.012094,,3.432594,4.413335,4.021038,,
2560.933628,,3.432594,4.413335,4.021038,,3.434880,4.514414,3.925577,,
2571.681668,,3.434880,4.514414,3.925577,,3.523060,4.403825,4.012374,,
2582.112600,,3.523060,4.403825,4.012374,,3.513671,4.489690,4.001681,,
2591.558506,,3.513671,4.489690,4.001681,,3.445561,4.430007,3.937784,,
2601.767843,,3.445561,4.430007,3.937784,,3.529274,4.509628,4.019451,,
2611.948278,,3.529274,4.509628,4.019451,,3.427950,4.407364,4.015598,,
2622.165344,,3.427950,4.407364,4.015598,,3.535381,4.517431,3.928201,,
2632.370310,,3.535381,4.517431,3.928201,,3.423991,4.402274,4.010961,,
2642.555180,,3.423991,4.402274,4.010961,,3.531527,4.512507,4.022017,,
2652.763162,,3.531527,4.512507,4.022017,,3.438092,4.420404,3.929248,,
2662.966610,,3.438092,4.420404,3.929248,,3.519896,4.497645,4.008771,,
2673.263798,,3.519896,4.497645,4.008771,,3.438692,4.421176,4.028182,,
2683.764085,,3.438692,4.421176,4.028182,,3.475133,4.468029,3.971581,,
2694.193553,,3.475133,4.468029,3.971581,,3.515478,4.492000,4.003739,,
2704.502612,,3.515478,4.492000,4.003739,,3.436633,4.418528,3.927581,,
2713.710502,,3.436633,4.418528,3.927581,,3.577483,4.471854,3.974982,,
2723.906207,,3.577483,4.471854,3.974982,,3.429923,4.507899,4.017910,,
2734.121848,,3.429923,4.507899,4.017910,,3.535459,4.419323,3.928287,,
2744.327091,,3.535459,4.419323,3.928287,,3.422660,4.498353,4.009402,,
2755.156528,,3.422660,4.498353,4.009402,,3.526403,4.408004,4.016181,,
2765.290593,,3.526403,4.408004,4.016181,,3.471110,4.462855,3.966982,,
2775.030663,,3.471110,4.462855,3.966982,,3.451481,4.536232,3.944550,,
2785.006854,,3.451481,4.536232,3.944550,,3.520384,4.400480,4.009327,,
2795.246624,,3.520384,4.400480,4.009327,,3.522079,4.500434,4.011256,,
2805.486056,,3.522079,4.500434,4.011256,,3.415323,4.488710,4.000807,,
2815.786907,,3.415323,4.488710,4.000807,,3.514079,4.490212,3.904532,,
2825.810406,,3.514079,4.490212,3.904532,,3.479712,4.374495,3.976814,,
2836.046690,,3.479712,4.374495,3.976814,,3.512655,4.488392,4.000524,,
2846.362087,,3.512655,4.488392,4.000524,,3.415472,4.488906,4.000981,,
2856.355302,,3.415472,4.488906,4.000981,,3.476023,4.469172,3.972597,,
2866.602077,,3.476023,4.469172,3.972597,,3.517153,4.396441,4.005646,,
2876.855525,,3.517153,4.396441,4.005646,,3.515240,4.491696,4.003468,,
2886.867888,,3.515240,4.491696,4.003468,,3.397902,4.397285,3.997532,,
2896.876466,,3.397902,4.397285,3.997532,,3.494791,4.493303,3.994047,,
2906.872918,,3.494791,4.493303,3.994047,,3.498980,4.498689,3.898864,,
2917.027759,,3.498980,4.498689,3.898864,,3.498370,4.397951,3.998137,,
2927.313787,,3.498370,4.397951,3.998137,,3.447933,4.433057,4.039007,,
2937.518353,,3.447933,4.433057,4.039007,,3.489018,4.485880,3.987449,,
2947.356709,,3.489018,4.485880,3.987449,,3.527787,4.507728,3.919764,,
2957.359968,,3.527787,4.507728,3.919764,,3.466425,4.456832,4.060669,,
2967.379360,,3.466425,4.456832,4.060669,,3.497221,4.396507,3.996824,,
2977.314622,,3.497221,4.396507,3.996824,,3.497961,4.497379,3.897728,,
2987.531986,,3.497961,4.497379,3.897728,,3.434846,4.416231,4.023677,,
2997.796241,,3.434846,4.416231,4.023677,,3.523496,4.502245,4.012871,,
3007.794889,,3.523496,4.502245,4.012871,,3.491713,4.489345,3.990529,,
3018.049384,,3.491713,4.489345,3.990529,,3.518951,4.398688,4.007694,,
3028.011150,,3.518951,4.398688,4.007694,,3.393217,4.491023,3.892220,,
3038.215438,,3.393217,4.491023,3.892220,,3.524982,4.504143,4.014562,,
3048.417593,,3.524982,4.504143,4.014562,,3.432654,4.413413,4.021109,,
3058.598534,,3.432654,4.413413,4.021109,,3.531039,4.413799,3.923377,,
3068.795531,,3.531039,4.413799,3.923377,,3.537270,4.519844,4.028557,,
3078.995016,,3.537270,4.519844,4.028557,,3.427814,4.407189,4.015439,,
3089.194590,,3.427814,4.407189,4.015439,,3.526705,4.506345,3.918561,,
3099.389270,,3.526705,4.506345,3.918561,,3.441120,4.424297,4.031026,,
3109.593506,,3.441120,4.424297,4.031026,,3.522667,4.501185,4.011926,,
3119.802833,,3.522667,4.501185,4.011926,,3.431701,4.510235,3.921944,,
3130.010042,,3.431701,4.510235,3.921944,,3.521763,4.402204,4.010897,,
3140.221245,,3.521763,4.402204,4.010897,,3.439208,4.421839,4.028787,,
3150.446328,,3.439208,4.421839,4.028787,,3.514528,4.490786,3.905031,,
3160.821032,,3.514528,4.490786,3.905031,,3.429733,4.507648,4.017687,,
3170.771743,,3.429733,4.507648,4.017687,,3.554518,4.443148,3.949465,,
3180.956938,,3.554518,4.443148,3.949465,,3.432186,4.412811,4.020561,,
3191.113015,,3.432186,4.412811,4.020561,,3.537736,4.520440,4.029088,,
3201.327564,,3.537736,4.520440,4.029088,,3.441150,4.424336,3.932743,,
3211.642326,,3.441150,4.424336,3.932743,,3.519371,4.496974,4.008173,,
3221.639455,,3.519371,4.496974,4.008173,,3.486028,4.482037,3.984033,,
3231.975556,,3.486028,4.482037,3.984033,,3.416758,4.392975,4.002488,,
3241.921483,,3.416758,4.392975,4.002488,,3.568852,4.461065,3.965391,,
3252.163745,,3.568852,4.461065,3.965391,,3.434315,4.513671,4.023055,,
3262.170648,,3.434315,4.513671,4.023055,,3.496198,4.395220,3.895763,,
3272.145295,,3.496198,4.395220,3.895763,,3.497746,4.497102,3.997424,,
3282.339409,,3.497746,4.497102,3.997424,,3.422383,4.497990,4.009078,,
3292.536648,,3.422383,4.497990,4.009078,,3.530787,4.413484,4.021175,,
3302.755458,,3.530787,4.413484,4.021175,,3.433965,4.513211,3.924531,,
3312.978839,,3.433965,4.513211,3.924531,,3.519527,4.399409,4.008351,,
3323.296981,,3.519527,4.399409,4.008351,,3.522521,4.500999,4.011760,,
3333.336454,,3.522521,4.500999,4.011760,,3.473920,4.466469,3.970195,,
3343.380213,,3.473920,4.466469,3.970195,,3.494095,4.392576,3.993251,,
3353.317482,,3.494095,4.392576,3.993251,,3.483477,4.478756,3.981116,,
3363.525782,,3.483477,4.478756,3.981116,,3.429800,4.507737,4.017766,,
3373.739844,,3.429800,4.507737,4.017766,,3.526133,4.407666,3.917926,,
3383.771143,,3.526133,4.407666,3.917926,,3.395671,4.494271,3.994907,,
3393.962505,,3.395671,4.494271,3.994907,,3.525458,4.504751,4.015105,,
3404.185348,,3.525458,4.504751,4.015105,,3.530679,4.413348,4.021051,,
3414.527191,,3.530679,4.413348,4.021051,,3.425760,4.502427,3.915154,,
3424.486737,,3.425760,4.502427,3.915154,,3.465125,4.455160,4.059146,,
3434.682495,,3.465125,4.455160,4.059146,,3.525037,4.406296,3.916708,,
3444.884898,,3.525037,4.406296,3.916708,,3.433677,4.512832,4.022307,,
3455.093745,,3.433677,4.512832,4.022307,,3.526961,4.408701,3.918845,,
3465.302084,,3.526961,4.408701,3.918845,,3.526839,4.506516,4.016678,,
3475.513515,,3.526839,4.506516,4.016678,,3.427722,4.407072,4.015332,,
3485.701598,,3.427722,4.407072,4.015332,,3.526685,4.506320,3.918539,,
3495.903134,,3.526685,4.506320,3.918539,,3.435948,4.417648,4.024968,,
3506.106983,,3.435948,4.417648,4.024968,,3.526196,4.505695,4.015945,,
3516.304805,,3.526196,4.505695,4.015945,,3.428893,4.506545,3.918735,,
3526.503439,,3.428893,4.506545,3.918735,,3.537938,4.422423,4.029319,,
3536.698390,,3.537938,4.422423,4.029319,,3.425548,4.502149,4.012785,,
3546.891551,,3.425548,4.502149,4.012785,,3.534836,4.418546,3.927596,,
3557.099836,,3.534836,4.418546,3.927596,,3.428834,4.506468,4.016635,,
3567.297929,,3.428834,4.506468,4.016635,,3.530018,4.412523,3.922243,,
3577.522189,,3.530018,4.412523,3.922243,,3.433304,4.512343,4.021871,,
3587.775304,,3.433304,4.512343,4.021871,,3.521877,4.402346,4.011026,,
3597.818907,,3.521877,4.402346,4.011026,,3.495146,4.493759,3.994453,,
3607.799144,,3.495146,4.493759,3.994453,,3.486282,4.482362,3.984322,,
3618.086042,,3.486282,4.482362,3.984322,,3.417965,4.394527,3.906246,,
3628.088384,,3.417965,4.394527,3.906246,,3.493575,4.491739,3.992657,,
3638.091330,,3.493575,4.491739,3.992657,,3.497934,4.497343,3.997639,,
3648.025687,,3.497934,4.497343,3.997639,,3.496392,4.395465,3.995877,,
3658.223257,,3.496392,4.395465,3.995877,,3.435466,4.515184,4.024403,,
3668.444715,,3.435466,4.515184,4.024403,,3.529403,4.411753,3.921559,,
3678.659881,,3.529403,4.411753,3.921559,,3.524517,4.503549,4.014033,,
3688.872734,,3.524517,4.503549,4.014033,,3.426118,4.502898,4.013453,,
3699.060920,,3.426118,4.502898,4.013453,,3.526905,4.408631,3.918784,,
3709.251980,,3.526905,4.408631,3.918784,,3.439293,4.520214,4.028886,,
3719.490446,,3.439293,4.520214,4.028886,,3.524765,4.405956,4.014316,,
3729.744757,,3.524765,4.405956,4.014316,,3.419997,4.494854,3.908568,,
3740.251910,,3.419997,4.494854,3.908568,,3.499454,4.499298,3.999376,,
3750.114870,,3.499454,4.499298,3.999376,,3.514210,4.392763,4.002295,,
3760.126374,,3.514210,4.392763,4.002295,,3.452600,4.439057,3.945828,,
3770.425858,,3.452600,4.439057,3.945828,,3.511935,4.487473,3.999704,,
3780.535570,,3.511935,4.487473,3.999704,,3.481635,4.476388,3.979012,,
3790.549720,,3.481635,4.476388,3.979012,,3.461254,4.450184,4.054612,,
3800.581511,,3.461254,4.450184,4.054612,,3.496131,4.495025,3.895688,,
3810.583135,,3.496131,4.495025,3.895688,,3.490453,4.387999,3.989090,,
3820.882598,,3.490453,4.387999,3.989090,,3.513050,4.488897,4.000973,,
3830.925133,,3.513050,4.488897,4.000973,,3.482768,4.477844,3.980306,,
3840.963856,,3.482768,4.477844,3.980306,,3.476249,4.469463,3.972856,,
3850.976901,,3.476249,4.469463,3.972856,,3.496837,4.495933,3.996385,,
3861.002442,,3.496837,4.495933,3.996385,,3.393624,4.391749,3.992499,,
3871.048451,,3.393624,4.391749,3.992499,,3.487355,4.483742,3.985548,,
3881.219469,,3.487355,4.483742,3.985548,,3.484876,4.480555,3.982716,,
3891.253270,,3.484876,4.480555,3.982716,,3.541377,4.426721,4.033235,,
3901.276232,,3.541377,4.426721,4.033235,,3.487666,4.484142,3.985904,,
3911.297369,,3.487666,4.484142,3.985904,,3.493117,4.491151,3.992134,,
3921.409557,,3.493117,4.491151,3.992134,,3.482185,4.477095,3.880149,,
3931.447320,,3.482185,4.477095,3.880149,,3.466691,4.457174,4.060980,,
3941.484162,,3.466691,4.457174,4.060980,,3.488646,4.485402,3.987024,,
3951.469700,,3.488646,4.485402,3.987024,,3.493940,4.392381,3.993074,,
3961.739366,,3.493940,4.392381,3.993074,,3.416293,4.489985,3.904335,,
3971.755925,,3.416293,4.489985,3.904335,,3.494088,4.492399,3.993244,,
3981.759416,,3.494088,4.492399,3.993244,,3.494173,4.392675,3.993341,,
3991.826295,,3.494173,4.392675,3.993341,,3.495725,4.494504,3.995114,,
4001.815733,,3.495725,4.494504,3.995114,,3.483299,4.478528,3.980914,,
4011.825938,,3.483299,4.478528,3.980914,,3.498600,4.398240,3.998400,,
4021.929543,,3.498600,4.398240,3.998400,,3.496384,4.495351,3.995867,,
4031.983811,,3.496384,4.495351,3.995867,,3.461421,4.450398,3.955909,,
4042.011444,,3.461421,4.450398,3.955909,,3.485010,4.480727,3.982868,,
4052.009373,,3.485010,4.480727,3.982868,,3.487199,4.483541,3.985370,,
4062.264368,,3.487199,4.483541,3.985370,,3.517247,4.494259,4.005753,,
4072.358067,,3.517247,4.494259,4.005753,,3.496361,4.395425,3.995841,,
4082.354314,,3.496361,4.395425,3.995841,,3.470763,4.462410,3.966586,,
4092.352848,,3.470763,4.462410,3.966586,,3.498806,4.498465,3.998636,,
4102.603562,,3.498806,4.498465,3.998636,,3.415691,4.489193,3.903646,,
4112.617333,,3.415691,4.489193,3.903646,,3.493937,4.392378,3.993071,,
4122.690769,,3.493937,4.392378,3.993071,,3.498986,4.498696,3.998841,,
4132.680873,,3.498986,4.498696,3.998841,,3.473544,4.465986,3.969765,,
4142.964530,,3.473544,4.465986,3.969765,,3.512810,4.488591,4.000700,,
4152.961235,,3.512810,4.488591,4.000700,,3.491699,4.489327,3.990513,,
4162.959311,,3.491699,4.489327,3.990513,,3.399389,4.399210,3.999282,,
4173.211223,,3.399389,4.399210,3.999282,,3.515041,4.491442,4.003241,,
4183.226696,,3.515041,4.491442,4.003241,,3.493160,4.491205,3.992182,,
4193.481032,,3.493160,4.491205,3.992182,,3.512409,4.390512,3.902677,,
4203.502258,,3.512409,4.390512,3.902677,,3.498341,4.497867,3.998104,,
4213.522162,,3.498341,4.497867,3.998104,,3.491958,4.489660,3.990809,,
4223.532437,,3.491958,4.489660,3.990809,,3.392097,4.389773,3.990702,,
4233.474064,,3.392097,4.389773,3.990702,,3.498205,4.497693,3.997949,,
4243.800877,,3.498205,4.497693,3.997949,,3.531877,4.512954,4.022416,,
4253.958731,,3.531877,4.512954,4.022416,,3.469793,4.461163,3.965478,,
4263.954348,,3.469793,4.461163,3.965478,,3.446477,4.431185,3.938831,,
4274.217022,,3.446477,4.431185,3.938831,,3.518295,4.495599,4.006947,,
4284.142853,,3.518295,4.495599,4.006947,,3.494414,4.392977,3.993615,,
4294.363215,,3.494414,4.392977,3.993615,,3.442034,4.425473,3.933754,,
4304.567673,,3.442034,4.425473,3.933754,,3.517319,4.494352,4.005836,,
4315.559579,,3.517319,4.494352,4.005836,,3.433272,4.414207,4.021833,,
4324.795833,,3.433272,4.414207,4.021833,,3.498644,4.498256,3.898489,,
4335.021291,,3.498644,4.498256,3.898489,,3.516179,4.492895,4.004537,,
4345.254426,,3.516179,4.492895,4.004537,,3.523100,4.403875,4.012420,,
4355.493273,,3.523100,4.403875,4.012420,,3.417171,4.491139,4.002972,,
4365.689979,,3.417171,4.491139,4.002972,,3.518897,4.496369,4.007633,,
4375.880020,,3.518897,4.496369,4.007633,,3.434292,4.415518,3.924905,,
4386.110063,,3.434292,4.415518,3.924905,,3.530476,4.511164,4.020820,,
4397.113275,,3.530476,4.511164,4.020820,,3.518865,4.496327,4.007596,,
4406.318357,,3.518865,4.496327,4.007596,,3.399831,4.399781,3.899806,,
4416.504609,,3.399831,4.399781,3.899806,,3.529299,4.509660,4.019479,,
4426.702356,,3.529299,4.509660,4.019479,,3.433766,4.414842,4.022412,,
4436.903792,,3.433766,4.414842,4.022412,,3.530211,4.510826,3.922457,,
4447.113549,,3.530211,4.510826,3.922457,,3.438267,4.420629,4.027684,,
4457.310142,,3.438267,4.420629,4.027684,,3.521419,4.499591,4.010505,,
4467.551939,,3.521419,4.499591,4.010505,,3.523034,4.403792,3.914482,,
4477.759206,,3.523034,4.403792,3.914482,,3.422169,4.497707,4.008826,,
4487.957732,,3.422169,4.497707,4.008826,,3.529307,4.509671,4.019489,,
4498.190716,,3.529307,4.509671,4.019489,,3.431604,4.412062,3.921833,,
4508.394394,,3.431604,4.412062,3.921833,,3.517697,4.494835,4.006266,,
4518.611247,,3.517697,4.494835,4.006266,,3.528528,4.410660,4.018601,,
4528.845788,,3.528528,4.410660,4.018601,,3.425152,4.501629,3.914460,,
4539.075997,,3.425152,4.501629,3.914460,,3.514086,4.490220,4.002153,,
4549.330564,,3.514086,4.490220,4.002153,,3.423407,4.401523,4.010277,,
4559.278761,,3.423407,4.401523,4.010277,,3.497872,4.497264,3.997568,,
4569.482587,,3.497872,4.497264,3.997568,,3.530847,4.413558,3.923163,,
4579.663873,,3.530847,4.413558,3.923163,,3.428948,4.506618,4.016768,,
4589.864222,,3.428948,4.506618,4.016768,,3.535262,4.419078,4.026271,,
4600.076273,,3.535262,4.419078,4.026271,,3.432342,4.511079,3.922677,,
4610.327013,,3.432342,4.511079,3.922677,,3.522787,4.501338,4.012062,,
4620.588334,,3.522787,4.501338,4.012062,,3.515159,4.393949,4.003376,,
4630.584567,,3.515159,4.393949,4.003376,,3.396281,4.495077,3.995624,,
4640.681762,,3.396281,4.495077,3.995624,,3.492242,4.490026,3.891356,,
4650.664425,,3.492242,4.490026,3.891356,,3.473934,4.466487,4.069466,,
4660.915750,,3.473934,4.466487,4.069466,,3.516903,4.396129,3.907670,,
4670.921345,,3.516903,4.396129,3.907670,,3.499717,4.499637,3.999677,,
4680.902869,,3.499717,4.499637,3.999677,,3.497911,4.497314,3.997612,,
4691.141530,,3.497911,4.497314,3.997612,,3.420450,4.397722,4.006813,,
4701.396774,,3.420450,4.397722,4.006813,,3.520980,4.499031,4.010006,,
4711.353781,,3.520980,4.499031,4.010006,,3.496918,4.496037,3.996477,,
4721.550520,,3.496918,4.496037,3.996477,,3.425689,4.404457,3.915073,,
4731.759007,,3.425689,4.404457,3.915073,,3.527348,4.507167,4.017258,,
4741.980965,,3.527348,4.507167,4.017258,,3.434481,4.415762,4.023249,,
4752.239993,,3.434481,4.415762,4.023249,,3.522237,4.500636,3.913596,,
4762.513616,,3.522237,4.500636,3.913596,,3.512604,4.390755,4.000466,,
4772.507415,,3.512604,4.390755,4.000466,,3.392652,4.490275,3.991356,,
4782.740753,,3.392652,4.490275,3.991356,,3.514331,4.490534,4.002433,,
4793.034017,,3.514331,4.490534,4.002433,,3.511482,4.486894,3.999188,,
4803.039419,,3.511482,4.486894,3.999188,,3.487426,4.384193,3.985630,,
4813.048608,,3.487426,4.384193,3.985630,,3.496476,4.495469,3.995972,,
4823.040343,,3.496476,4.495469,3.995972,,3.499102,4.498846,3.899000,,
4833.266147,,3.499102,4.498846,3.899000,,3.416538,4.392691,4.002230,,
4843.535184,,3.416538,4.392691,4.002230,,3.519484,4.497118,4.008301,,
4853.571584,,3.519484,4.497118,4.008301,,3.497718,4.497065,3.997391,,
4863.572238,,3.497718,4.497065,3.997391,,3.490253,4.387746,3.889139,,
4873.558100,,3.490253,4.387746,3.889139,,3.492634,4.490529,3.991582,,
4883.799457,,3.492634,4.490529,3.991582,,3.415236,4.488596,4.000705,,
4894.043388,,3.415236,4.488596,4.000705,,3.519854,4.497591,4.008722,,
4904.266188,,3.519854,4.497591,4.008722,,3.515817,4.394771,4.004125,,
4914.528885,,3.515817,4.394771,4.004125,,3.418660,4.493096,4.004716,,
4924.554792,,3.418660,4.493096,4.004716,,3.498953,4.398683,3.898833,,
4934.632500,,3.498953,4.398683,3.898833,,3.493273,4.491351,3.992312,,
4944.812874,,3.493273,4.491351,3.992312,,3.475714,4.468776,3.972245,,
4955.062169,,3.475714,4.468776,3.972245,,3.530664,4.511405,4.021034,,
4965.591969,,3.530664,4.511405,4.021034,,3.417593,4.394048,4.003466,,
4975.328888,,3.417593,4.394048,4.003466,,3.487187,4.483526,3.985356,,
4985.556331,,3.487187,4.483526,3.985356,,3.516584,4.493413,4.004998,,
4995.704623,,3.516584,4.493413,4.004998,,3.499105,4.398875,3.899003,,
5005.706601,,3.499105,4.398875,3.899003,,3.456540,4.444123,4.049090,,
5016.017991,,3.456540,4.444123,4.049090,,3.512736,4.488496,3.903040,,
5025.938276,,3.512736,4.488496,3.903040,,3.482240,4.477166,4.079195,,
5036.430966,,3.482240,4.477166,4.079195,,3.435559,4.515306,3.926353,,
5046.365537,,3.435559,4.515306,3.926353,,3.517001,4.396251,4.005473,,
5056.506654,,3.517001,4.396251,4.005473,,3.440687,4.522046,3.932214,,
5066.679876,,3.440687,4.522046,3.932214,,3.545955,4.432443,4.038448,,
5076.781888,,3.545955,4.432443,4.038448,,3.438603,4.421062,3.929833,,
5086.890779,,3.438603,4.421062,3.929833,,3.469315,4.559671,4.064055,,
5097.118582,,3.469315,4.559671,4.064055,,3.456061,4.443507,3.949784,,
5107.245802,,3.456061,4.443507,3.949784,,3.523893,4.404866,4.013323,,
5117.410153,,3.523893,4.404866,4.013323,,3.453547,4.440275,3.946911,,
5127.499093,,3.453547,4.440275,3.946911,,3.542705,4.526789,4.034747,,
5137.567327,,3.542705,4.526789,4.034747,,3.470498,4.462069,3.966284,,
5147.624712,,3.470498,4.462069,3.966284,,3.474878,4.467701,3.971289,,
5157.749291,,3.474878,4.467701,3.971289,,3.482895,4.478008,3.980451,,
5167.859494,,3.482895,4.478008,3.980451,,3.459567,4.448014,3.953791,,
5177.960402,,3.459567,4.448014,3.953791,,3.458546,4.446702,4.051440,,
5188.139209,,3.458546,4.446702,4.051440,,3.557717,4.447146,3.953019,,
5198.280175,,3.557717,4.447146,3.953019,,3.443152,4.426910,3.935031,,
5208.445901,,3.443152,4.426910,3.935031,,3.452023,4.536945,3.945170,,
5218.669590,,3.452023,4.536945,3.945170,,3.539773,4.424716,4.031408,,
5228.833132,,3.539773,4.424716,4.031408,,3.425373,4.501919,4.012580,,
5239.018844,,3.425373,4.501919,4.012580,,3.536314,4.420392,3.929237,,
5249.179600,,3.536314,4.420392,3.929237,,3.434452,4.513851,4.023215,,
5259.324399,,3.434452,4.513851,4.023215,,3.545130,4.431412,3.939033,,
5269.560580,,3.545130,4.431412,3.939033,,3.451791,4.438017,4.043527,,
5279.710191,,3.451791,4.438017,4.043527,,3.519418,4.497034,3.910464,,
5289.844206,,3.519418,4.497034,3.910464,,3.447605,4.432635,4.038623,,
5300.109871,,3.447605,4.432635,4.038623,,3.450780,4.436718,3.943749,,
5310.209671,,3.450780,4.436718,3.943749,,3.514552,4.490816,4.002684,,
5320.410415,,3.514552,4.490816,4.002684,,3.460231,4.448868,3.954550,,
5330.519929,,3.460231,4.448868,3.954550,,3.531360,4.512293,4.021826,,
5340.802472,,3.531360,4.512293,4.021826,,3.457135,4.444888,3.951012,,
5350.729041,,3.457135,4.444888,3.951012,,3.493434,4.491558,3.992496,,
5361.367548,,3.493434,4.491558,3.992496,,3.430506,4.410650,4.018593,,
5371.331493,,3.430506,4.410650,4.018593,,3.556434,4.445543,3.951594,,
5381.244061,,3.556434,4.445543,3.951594,,3.428069,4.505462,4.015738,,
5391.372617,,3.428069,4.505462,4.015738,,3.541492,4.426865,3.934991,,
5402.146290,,3.541492,4.426865,3.934991,,3.458995,4.447279,4.051966,,
5411.660614,,3.458995,4.447279,4.051966,,3.490227,4.487435,3.889110,,
5421.642396,,3.490227,4.487435,3.889110,,3.493478,4.491615,3.992546,,
5431.804669,,3.493478,4.491615,3.992546,,3.420812,4.398187,4.007237,,
5442.021332,,3.420812,4.398187,4.007237,,3.539944,4.523262,4.031603,,
5452.186594,,3.539944,4.523262,4.031603,,3.427735,4.407088,3.917412,,
5462.367385,,3.427735,4.407088,3.917412,,3.542433,4.526442,4.034437,,
5472.550408,,3.542433,4.526442,4.034437,,3.443147,4.426903,3.935025,,
5482.745549,,3.443147,4.426903,3.935025,,3.529664,4.510126,4.019895,,
5492.985057,,3.529664,4.510126,4.019895,,3.431926,4.412477,3.922201,,
5503.163183,,3.431926,4.412477,3.922201,,3.519808,4.497533,4.008671,,
5513.354570,,3.519808,4.497533,4.008671,,3.437732,4.419941,4.027057,,
5523.534732,,3.437732,4.419941,4.027057,,3.532553,4.513817,3.925058,,
5533.751599,,3.532553,4.513817,3.925058,,3.437617,4.419793,4.026923,,
5543.912001,,3.437617,4.419793,4.026923,,3.520340,4.498212,4.009276,,
5554.174993,,3.520340,4.498212,4.009276,,3.438406,4.420807,3.929606,,
5564.284684,,3.438406,4.420807,3.929606,,3.516863,4.493769,4.005316,,
5574.492133,,3.516863,4.493769,4.005316,,3.463022,4.452457,3.957740,,
5584.606487,,3.463022,4.452457,3.957740,,3.529597,4.411997,4.019819,,
5594.795030,,3.529597,4.411997,4.019819,,3.458696,4.545715,3.952796,,
5604.934734,,3.458696,4.545715,3.952796,,3.435866,4.417542,4.024871,,
5615.092168,,3.435866,4.417542,4.024871,,3.546613,4.433266,3.940681,,
5625.228349,,3.546613,4.433266,3.940681,,3.448918,4.532864,3.941621,,
5635.396096,,3.448918,4.532864,3.941621,,3.454068,4.440944,4.046194,,
5645.476426,,3.454068,4.440944,4.046194,,3.537948,4.422435,3.931053,,
5655.533260,,3.537948,4.422435,3.931053,,3.474131,4.466740,3.970435,,
5665.641762,,3.474131,4.466740,3.970435,,3.478528,4.472393,4.074847,,
5675.783317,,3.478528,4.472393,4.074847,,3.463224,4.452716,3.957970,,
5685.975547,,3.463224,4.452716,3.957970,,3.545756,4.530688,3.939729,,
5696.130504,,3.545756,4.530688,3.939729,,3.436870,4.418833,4.026047,,
5706.228501,,3.436870,4.418833,4.026047,,3.446106,4.430707,3.938407,,
5716.402567,,3.446106,4.430707,3.938407,,3.469639,4.460965,4.064435,,
5726.533131,,3.469639,4.460965,4.064435,,3.538284,4.521140,3.931426,,
5736.645079,,3.538284,4.521140,3.931426,,3.449460,4.435021,3.942240,,
5746.723911,,3.449460,4.435021,3.942240,,3.465983,4.456264,4.060151,,
5756.817643,,3.465983,4.456264,4.060151,,3.568602,4.460753,3.965114,,
5766.946001,,3.568602,4.460753,3.965114,,3.466689,4.457172,3.961931,,
5777.125869,,3.466689,4.457172,3.961931,,3.458404,4.446519,3.952461,,
5787.265540,,3.458404,4.446519,3.952461,,3.433677,4.414727,4.022307,,
5797.448420,,3.433677,4.414727,4.022307,,3.553357,4.540401,3.948175,,
5807.587992,,3.553357,4.540401,3.948175,,3.436409,4.418240,4.025507,,
5817.825493,,3.436409,4.418240,4.025507,,3.551350,4.439187,3.945944,,
5827.985105,,3.551350,4.439187,3.945944,,3.414232,4.487276,3.999529,,
5838.152239,,3.414232,4.487276,3.999529,,3.548189,4.435236,4.040993,,
5848.260334,,3.548189,4.435236,4.040993,,3.441086,4.522571,3.932670,,
5858.409543,,3.441086,4.522571,3.932670,,3.464837,4.454790,3.959813,,
5868.552792,,3.464837,4.454790,3.959813,,3.546199,4.432749,4.038727,,
5878.828121,,3.546199,4.432749,4.038727,,3.452938,4.439492,3.946215,,
5888.811533,,3.452938,4.439492,3.946215,,3.492858,4.490818,3.991838,,
5898.986339,,3.492858,4.490818,3.991838,,3.513711,4.489742,4.001727,,
5909.137746,,3.513711,4.489742,4.001727,,3.439045,4.421629,3.930337,,
5919.242206,,3.439045,4.421629,3.930337,,3.449388,4.434928,4.040712,,
5929.404203,,3.449388,4.434928,4.040712,,3.560889,4.451112,3.956544,,
5939.526005,,3.560889,4.451112,3.956544,,3.445953,4.528967,4.036688,,
5949.641949,,3.445953,4.528967,4.036688,,3.455441,4.442709,3.949075,,
5959.783397,,3.455441,4.442709,3.949075,,3.559433,4.449291,3.954925,,
5969.908368,,3.559433,4.449291,3.954925,,3.445168,4.429501,4.035768,,
5980.124508,,3.445168,4.429501,4.035768,,3.460126,4.547595,3.954430,,
5990.269668,,3.460126,4.547595,3.954430,,3.525164,4.406455,4.014770,,
6000.282358,,3.525164,4.406455,4.014770,,3.451552,4.437710,3.944631,,
6010.298959,,3.451552,4.437710,3.944631,,3.498163,4.497638,3.997901,,
6020.336890,,3.498163,4.497638,3.997901,,3.492463,4.490309,3.991386,,
6030.354526,,3.492463,4.490309,3.991386,,3.488099,4.484698,3.986398,,
6040.485868,,3.488099,4.484698,3.986398,,3.491978,4.389915,3.990832,,
6050.533020,,3.491978,4.389915,3.990832,,3.457258,4.543824,3.951152,,
6060.640162,,3.457258,4.543824,3.951152,,3.483729,4.379546,3.981405,,
6070.767404,,3.483729,4.379546,3.981405,,3.464374,4.454195,3.959284,,
6080.855367,,3.464374,4.454195,3.959284,,3.452035,4.536961,4.043813,,
6091.086808,,3.452035,4.536961,4.043813,,3.566698,4.458373,3.962998,,
6101.270471,,3.566698,4.458373,3.962998,,3.419156,4.396057,4.005297,,
6111.348157,,3.419156,4.396057,4.005297,,3.535994,4.518215,3.928882,,
6121.741360,,3.535994,4.518215,3.928882,,3.478992,4.472990,3.975991,,
6131.563249,,3.478992,4.472990,3.975991,,3.448780,4.434146,4.039999,,
6141.754726,,3.448780,4.434146,4.039999,,3.471497,4.463353,3.967425,,
6151.829226,,3.471497,4.463353,3.967425,,3.537747,4.422183,3.930830,,
6161.910560,,3.537747,4.422183,3.930830,,3.470564,4.462154,4.065518,,
6171.985678,,3.470564,4.462154,4.065518,,3.472635,4.464817,3.968726,,
6182.037292,,3.472635,4.464817,3.968726,,3.472278,4.464358,3.968318,,
6192.109346,,3.472278,4.464358,3.968318,,3.485686,4.481597,3.983642,,
6202.107279,,3.485686,4.481597,3.983642,,3.474684,4.467451,3.971067,,
6212.136864,,3.474684,4.467451,3.971067,,3.498141,4.497610,3.997876,,
6222.138484,,3.498141,4.497610,3.997876,,3.493442,4.391756,3.992505,,
6232.173511,,3.493442,4.391756,3.992505,,3.499068,4.498802,3.998935,,
6242.211775,,3.499068,4.498802,3.998935,,3.490407,4.487666,3.989036,,
6252.234047,,3.490407,4.487666,3.989036,,3.479548,4.473705,3.976626,,
6262.286533,,3.479548,4.473705,3.976626,,3.493620,4.491797,3.992709,,
6272.336968,,3.493620,4.491797,3.992709,,3.479582,4.473748,3.976665,,
6282.368556,,3.479582,4.473748,3.976665,,3.486765,4.383362,3.984874,,
6292.407639,,3.486765,4.383362,3.984874,,3.489761,4.486835,3.988298,,
6302.441239,,3.489761,4.486835,3.988298,,3.484022,4.479457,3.981739,,
6312.457747,,3.484022,4.479457,3.981739,,3.489533,4.486542,3.988038,,
6322.475395,,3.489533,4.486542,3.988038,,3.392599,4.490204,3.991293,,
6332.502657,,3.392599,4.490204,3.991293,,3.490021,4.387455,3.988596,,
6342.546374,,3.490021,4.387455,3.988596,,3.493788,4.492013,3.893078,,
6352.557350,,3.493788,4.492013,3.893078,,3.487971,4.484534,3.986253,,
6362.577570,,3.487971,4.484534,3.986253,,3.494626,4.393244,3.993858,,
6372.576851,,3.494626,4.393244,3.993858,,3.491931,4.489625,3.990778,,
6382.854774,,3.491931,4.489625,3.990778,,3.511728,4.487208,3.999468,,
6392.889312,,3.511728,4.487208,3.999468,,3.491793,4.489449,3.990621,,
6402.871122,,3.491793,4.489449,3.990621,,3.490126,4.387587,3.988716,,
6413.140152,,3.490126,4.387587,3.988716,,3.416878,4.490754,4.002628,,
6423.141271,,3.416878,4.490754,4.002628,,3.495642,4.494396,3.995019,,
6433.146644,,3.495642,4.494396,3.995019,,3.492956,4.490944,3.991950,,
6443.385973,,3.492956,4.490944,3.991950,,3.514798,4.393497,3.905331,,
6453.647415,,3.514798,4.393497,3.905331,,3.414947,4.488216,4.000367,,
6463.912941,,3.414947,4.488216,4.000367,,3.514872,4.491225,4.003048,,
6473.930249,,3.514872,4.491225,4.003048,,3.495422,4.394245,3.994768,,
6483.941875,,3.495422,4.394245,3.994768,,3.493256,4.491329,3.992293,,
6494.028512,,3.493256,4.491329,3.992293,,3.495806,4.494608,3.995207,,
6504.052867,,3.495806,4.494608,3.995207,,3.470166,4.461642,3.965904,,
6514.090347,,3.470166,4.461642,3.965904,,3.485185,4.480953,3.983069,,
6524.101951,,3.485185,4.480953,3.983069,,3.492625,4.390728,3.991571,,
6534.135279,,3.492625,4.390728,3.991571,,3.493078,4.491100,3.992089,,
6544.199985,,3.493078,4.491100,3.992089,,3.490671,4.488006,3.989338,,
6554.229477,,3.490671,4.488006,3.989338,,3.475930,4.469052,3.972491,,
6564.271278,,3.475930,4.469052,3.972491,,3.491034,4.488472,3.989753,,
6574.286928,,3.491034,4.488472,3.989753,,3.488186,4.385148,3.986498,,
6584.302965,,3.488186,4.385148,3.986498,,3.491635,4.489244,3.990439,,
6594.341258,,3.491635,4.489244,3.990439,,3.496727,4.495792,3.896353,,
6604.371482,,3.496727,4.495792,3.896353,,3.487975,4.484539,3.986257,,
6614.387214,,3.487975,4.484539,3.986257,,3.485655,4.381966,3.983606,,
6624.401605,,3.485655,4.381966,3.983606,,3.395741,4.494363,3.994989,,
6634.424984,,3.395741,4.494363,3.994989,,3.494744,4.493243,3.993994,,
6644.459365,,3.494744,4.493243,3.993994,,3.491977,4.489685,3.990831,,
6654.486342,,3.491977,4.489685,3.990831,,3.484688,4.380751,3.982501,,
6664.511889,,3.484688,4.380751,3.982501,,3.497129,4.496309,3.996719,,
6674.527660,,3.497129,4.496309,3.996719,,3.487976,4.484540,3.986258,,
6684.553490,,3.487976,4.484540,3.986258,,3.487899,4.484441,3.986170,,
6694.797739,,3.487899,4.484441,3.986170,,3.512209,4.390261,4.000015,,
6704.822712,,3.512209,4.390261,4.000015,,3.497601,4.496915,3.997258,,
6714.846306,,3.497601,4.496915,3.997258,,3.491959,4.489661,3.990810,,
6724.878726,,3.491959,4.489661,3.990810,,3.392829,4.490509,3.891774,,
6734.893304,,3.392829,4.490509,3.891774,,3.486554,4.383096,3.984633,,
6744.946579,,3.486554,4.383096,3.984633,,3.492734,4.490658,3.991696,,
6755.179439,,3.492734,4.490658,3.991696,,3.487035,4.483331,3.985183,,
6765.223439,,3.487035,4.483331,3.985183,,3.514758,4.393448,4.002919,,
6775.269439,,3.514758,4.393448,4.002919,,3.486956,4.483229,3.985092,,
6785.341865,,3.486956,4.483229,3.985092,,3.481793,4.476591,3.979192,,
6795.452503,,3.481793,4.476591,3.979192,,3.476300,4.469528,3.972914,,
6805.576919,,3.476300,4.469528,3.972914,,3.453702,4.440473,4.045765,,
6815.672091,,3.453702,4.440473,4.045765,,3.559585,4.449481,3.955094,,
6825.787435,,3.559585,4.449481,3.955094,,3.465373,4.455480,3.960427,,
6836.031154,,3.465373,4.455480,3.960427,,3.464660,4.454562,3.959611,,
6846.149552,,3.464660,4.454562,3.959611,,3.515577,4.492127,4.003852,,
6856.878977,,3.515577,4.492127,4.003852,,3.452539,4.438979,3.945759,,
6866.669773,,3.452539,4.438979,3.945759,,3.422192,4.497738,4.008854,,
6876.485271,,3.422192,4.497738,4.008854,,3.493995,4.492279,3.993137,,
6886.539069,,3.493995,4.492279,3.993137,,3.574464,4.468080,3.971627,,
6896.632502,,3.574464,4.468080,3.971627,,3.484566,4.480157,3.982361,,
6906.680433,,3.484566,4.480157,3.982361,,3.466292,4.456662,3.961477,,
6916.752859,,3.466292,4.456662,3.961477,,3.474775,4.467568,3.971172,,
6926.815079,,3.474775,4.467568,3.971172,,3.483466,4.379215,4.080632,,
6936.859660,,3.483466,4.379215,4.080632,,3.479302,4.473389,3.976346,,
6946.893009,,3.479302,4.473389,3.976346,,3.480390,4.474787,3.977588,,
6957.001166,,3.480390,4.474787,3.977588,,3.493617,4.491793,3.992705,,
6967.019808,,3.493617,4.491793,3.992705,,3.459529,4.447966,3.953748,,
6977.060698,,3.459529,4.447966,3.953748,,3.495917,4.494750,3.995333,,
6987.215456,,3.495917,4.494750,3.995333,,3.481229,4.475866,3.978547,,
6997.264064,,3.481229,4.475866,3.978547,,3.449067,4.434515,4.040336,,
7007.297635,,3.449067,4.434515,4.040336,,3.579402,4.474252,3.977113,,
7017.323805,,3.579402,4.474252,3.977113,,3.388358,4.484591,3.986303,,
7027.359875,,3.388358,4.484591,3.986303,,3.495156,4.493772,3.994464,,
7037.585005,,3.495156,4.493772,3.994464,,3.485867,4.382233,3.983848,,
7047.975605,,3.485867,4.382233,3.983848,,3.521287,4.499422,3.912541,,
7057.702729,,3.521287,4.499422,3.912541,,3.452765,4.439269,4.044668,,
7067.962855,,3.452765,4.439269,4.044668,,3.514528,4.490785,3.905031,,
7077.996584,,3.514528,4.490785,3.905031,,3.499307,4.499109,3.999208,,
7088.048015,,3.499307,4.499109,3.999208,,3.489581,4.386902,3.988092,,
7098.080279,,3.489581,4.386902,3.988092,,3.484178,4.479657,3.981917,,
7108.190686,,3.484178,4.479657,3.981917,,3.485511,4.481371,3.983441,,
7118.217212,,3.485511,4.481371,3.983441,,3.463848,4.453518,4.057650,,
7128.244683,,3.463848,4.453518,4.057650,,3.485315,4.481119,3.983217,,
7138.344752,,3.485315,4.481119,3.983217,,3.494819,4.493339,3.994079,,
7148.392653,,3.494819,4.493339,3.994079,,3.461880,4.450989,3.956434,,
7158.426510,,3.461880,4.450989,3.956434,,3.485822,4.481771,3.983797,,
7168.448369,,3.485822,4.481771,3.983797,,3.489770,4.486847,3.988309,,
7178.528235,,3.489770,4.486847,3.988309,,3.491194,4.388929,3.989936,,
7188.557268,,3.491194,4.388929,3.989936,,3.472659,4.464847,3.968753,,
7198.547315,,3.472659,4.464847,3.968753,,3.493245,4.491315,3.992280,,
7208.823459,,3.493245,4.491315,3.992280,,3.514853,4.491200,4.003027,,
7218.852349,,3.514853,4.491200,4.003027,,3.480417,4.474822,3.977620,,
7228.991318,,3.480417,4.474822,3.977620,,3.494031,4.492325,3.993178,,
7239.038714,,3.494031,4.492325,3.993178,,3.455091,4.442259,3.948675,,
7249.489583,,3.455091,4.442259,3.948675,,3.483236,4.478446,3.980841,,
7259.315361,,3.483236,4.478446,3.980841,,3.525941,4.407426,4.015655,,
7269.375069,,3.525941,4.407426,4.015655,,3.476236,4.469447,3.972842,,
7279.394085,,3.476236,4.469447,3.972842,,3.478819,4.472768,3.975794,,
7289.587097,,3.478819,4.472768,3.975794,,3.489866,4.486971,3.988419,,
7299.612048,,3.489866,4.486971,3.988419,,3.437106,4.419137,4.026324,,
7309.640461,,3.437106,4.419137,4.026324,,3.492644,4.490542,3.991593,,
7319.683894,,3.492644,4.490542,3.991593,,3.484564,4.480154,3.882800,,
7329.703075,,3.484564,4.480154,3.882800,,3.487384,4.483779,3.985582,,
7339.729455,,3.487384,4.483779,3.985582,,3.495782,4.394697,3.995179,,
7349.794443,,3.495782,4.394697,3.995179,,3.493458,4.491589,3.992523,,
7359.914850,,3.493458,4.491589,3.992523,,3.471577,4.463457,3.967517,,
7369.986511,,3.471577,4.463457,3.967517,,3.463199,4.452685,4.056891,,
7380.197310,,3.463199,4.452685,4.056891,,3.475310,4.468255,3.971782,,
7390.794683,,3.475310,4.468255,3.971782,,3.517165,4.494155,3.907961,,
7400.363363,,3.517165,4.494155,3.907961,,3.465250,4.455322,4.059293,,
7410.416291,,3.465250,4.455322,4.059293,,3.487102,4.483417,3.985260,,
7420.442490,,3.487102,4.483417,3.985260,,3.473931,4.466483,3.970207,,
7430.663422,,3.473931,4.466483,3.970207,,3.494688,4.393322,3.993929,,
7440.714861,,3.494688,4.393322,3.993929,,3.524678,4.503755,4.014216,,
7450.721475,,3.524678,4.503755,4.014216,,3.476805,4.470178,3.973492,,
7460.955768,,3.476805,4.470178,3.973492,,3.414343,4.487422,3.902106,,
7470.980196,,3.414343,4.487422,3.902106,,3.497197,4.396476,3.996796,,
7481.029337,,3.497197,4.396476,3.996796,,3.498216,4.497707,3.997962,,
7491.120372,,3.498216,4.497707,3.997962,,3.488558,4.485289,3.986923,,
7501.393598,,3.488558,4.485289,3.986923,,3.465924,4.456188,4.060082,,
7511.498074,,3.465924,4.456188,4.060082,,3.490743,4.488099,3.889686,,
7521.621486,,3.490743,4.488099,3.889686,,3.460622,4.449371,4.053871,,
7531.440327,,3.460622,4.449371,4.053871,,3.559522,4.449403,3.955025,,
7541.544044,,3.559522,4.449403,3.955025,,3.475009,4.467869,3.971439,,
7551.671255,,3.475009,4.467869,3.971439,,3.460352,4.449024,3.954688,,
7561.792095,,3.460352,4.449024,3.954688,,3.459139,4.447465,4.052134,,
7572.000810,,3.459139,4.447465,4.052134,,3.461073,4.449950,3.955512,,
7582.065581,,3.461073,4.449950,3.955512,,3.524275,4.503240,4.013758,,
7592.304339,,3.524275,4.503240,4.013758,,3.475809,4.468898,3.972354,,
7602.350286,,3.475809,4.468898,3.972354,,3.514102,4.392627,4.002172,,
7612.410903,,3.514102,4.392627,4.002172,,3.489732,4.486798,3.988265,,
7622.464850,,3.489732,4.486798,3.988265,,3.476917,4.470322,3.973620,,
7632.569121,,3.476917,4.470322,3.973620,,3.481299,4.475956,3.978628,,
7642.617260,,3.481299,4.475956,3.978628,,3.463234,4.452730,3.957982,,
7652.684587,,3.463234,4.452730,3.957982,,3.481498,4.476211,3.978855,,
7663.958224,,3.481498,4.476211,3.978855,,3.478770,4.472705,3.975738,,
7672.787668,,3.478770,4.472705,3.975738,,3.480375,4.474768,3.977571,,
7682.856620,,3.480375,4.474768,3.977571,,3.486908,4.383541,3.985037,,
7693.134899,,3.486908,4.383541,3.985037,,3.470418,4.461966,3.966192,,
7703.037381,,3.470418,4.461966,3.966192,,3.492291,4.490088,3.991190,,
7713.159821,,3.492291,4.490088,3.991190,,3.451644,4.437828,3.944736,,
7723.398936,,3.451644,4.437828,3.944736,,3.544921,4.529622,3.938802,,
7733.459307,,3.544921,4.529622,3.938802,,3.430937,4.411205,4.019098,,
7743.713305,,3.430937,4.411205,4.019098,,3.476202,4.469403,3.972803,,
7753.540833,,3.476202,4.469403,3.972803,,3.495940,4.494779,3.995359,,
7763.655568,,3.495940,4.494779,3.995359,,3.472015,4.464019,3.968017,,
7773.722785,,3.472015,4.464019,3.968017,,3.464505,4.454364,4.058420,,
7783.733055,,3.464505,4.454364,4.058420,,3.577912,4.472390,3.975458,,
7793.806039,,3.577912,4.472390,3.975458,,3.393490,4.391576,3.992342,,
7803.823194,,3.393490,4.391576,3.992342,,3.476273,4.469494,3.972884,,
7814.207204,,3.476273,4.469494,3.972884,,3.486110,4.482141,3.984126,,
7824.096406,,3.486110,4.482141,3.984126,,3.555670,4.444587,3.950744,,
7834.185626,,3.555670,4.444587,3.950744,,3.454830,4.441924,3.948377,,
7844.475453,,3.454830,4.441924,3.948377,,3.466907,4.457452,4.061234,,
7854.299950,,3.466907,4.457452,4.061234,,3.487535,4.483974,3.985755,,
7864.350346,,3.487535,4.483974,3.985755,,3.472096,4.464123,3.968109,,
7874.387683,,3.472096,4.464123,3.968109,,3.487641,4.484110,3.985875,,
7884.482255,,3.487641,4.484110,3.985875,,3.478347,4.472160,3.975253,,
7894.529594,,3.478347,4.472160,3.975253,,3.477382,4.470920,3.974151,,
7904.542035,,3.477382,4.470920,3.974151,,3.482758,4.477832,3.980295,,
7914.628620,,3.482758,4.477832,3.980295,,3.492140,4.390119,3.991017,,
7924.915305,,3.492140,4.390119,3.991017,,3.470802,4.462460,3.966631,,
7934.738390,,3.470802,4.462460,3.966631,,3.484485,4.480052,3.982269,,
7944.768818,,3.484485,4.480052,3.982269,,3.576257,4.470321,3.973619,,
7954.878794,,3.576257,4.470321,3.973619,,3.484664,4.480283,3.982474,,
7964.908480,,3.484664,4.480283,3.982474,,3.462418,4.451680,3.957049,,
7975.117568,,3.462418,4.451680,3.957049,,3.487234,4.483587,3.985410,,
7985.173070,,3.487234,4.483587,3.985410,,3.431242,4.411596,4.019454,,
7995.231432,,3.431242,4.411596,4.019454,,3.484974,4.480681,3.982828,,
8005.268057,,3.484974,4.480681,3.982828,,3.478647,4.472546,3.975596,,
8015.367858,,3.478647,4.472546,3.975596,,3.485319,4.481124,3.983221,,
8025.412924,,3.485319,4.481124,3.983221,,3.470568,4.462159,3.966363,,
8035.407221,,3.470568,4.462159,3.966363,,3.580571,4.475713,3.978412,,
8045.736959,,3.580571,4.475713,3.978412,,3.418106,4.492368,4.004067,,
8055.756868,,3.418106,4.492368,4.004067,,3.469752,4.461109,3.965431,,
8065.867845,,3.469752,4.461109,3.965431,,3.494109,4.392595,3.993268,,
8075.910560,,3.494109,4.392595,3.993268,,3.460260,4.547770,4.053447,,
8085.935122,,3.460260,4.547770,4.053447,,3.577447,4.471808,3.974941,,
8096.197750,,3.577447,4.471808,3.974941,,3.415735,4.391659,4.001289,,
8106.188110,,3.415735,4.391659,4.001289,,3.493512,4.491658,3.992585,,
8116.450040,,3.493512,4.491658,3.992585,,3.519055,4.496570,3.910061,,
8126.511944,,3.519055,4.496570,3.910061,,3.496228,4.395258,3.995689,,
8136.506877,,3.496228,4.395258,3.995689,,3.476193,4.469391,3.972792,,
8146.580646,,3.476193,4.469391,3.972792,,3.499725,4.499647,3.999686,,
8156.612247,,3.499725,4.499647,3.999686,,3.475593,4.468619,3.972106,,
8166.667011,,3.475593,4.468619,3.972106,,3.488175,4.484797,3.986486,,
8176.719096,,3.488175,4.484797,3.986486,,3.481155,4.475771,3.978463,,
8186.765563,,3.481155,4.475771,3.978463,,3.478972,4.472964,3.975968,,
8196.858032,,3.478972,4.472964,3.975968,,3.487022,4.383684,3.985168,,
8207.007919,,3.487022,4.383684,3.985168,,3.471730,4.463652,4.066883,,
8217.059629,,3.471730,4.463652,4.066883,,3.443673,4.525971,3.935627,,
8227.130424,,3.443673,4.525971,3.935627,,3.484848,4.480519,3.982683,,
8237.163871,,3.484848,4.480519,3.982683,,3.473485,4.465910,3.969697,,
8247.273039,,3.473485,4.465910,3.969697,,3.484145,4.380068,3.981880,,
8257.319402,,3.484145,4.380068,3.981880,,3.563315,4.553125,4.058220,,
8267.399354,,3.563315,4.553125,4.058220,,3.482915,4.378521,3.980474,,
8277.444239,,3.482915,4.378521,3.980474,,3.473429,4.465837,3.969633,,
8287.463697,,3.473429,4.465837,3.969633,,3.492163,4.489924,3.991044,,
8297.491945,,3.492163,4.489924,3.991044,,3.487508,4.483939,3.985724,,
8307.557527,,3.487508,4.483939,3.985724,,3.488174,4.484795,3.986484,,
8317.594687,,3.488174,4.484795,3.986484,,3.481196,4.475824,3.978510,,
8327.637965,,3.481196,4.475824,3.978510,,3.486172,4.382616,3.984197,,
8337.695443,,3.486172,4.382616,3.984197,,3.478321,4.472126,3.975223,,
8347.782111,,3.478321,4.472126,3.975223,,3.484038,4.479478,3.981758,,
8357.854309,,3.484038,4.479478,3.981758,,3.471968,4.463958,3.967963,,
8367.892756,,3.471968,4.463958,3.967963,,3.472046,4.464059,3.968052,,
8377.941359,,3.472046,4.464059,3.968052,,3.491627,4.489234,3.990430,,
8388.016346,,3.491627,4.489234,3.990430,,3.478076,4.471812,3.974944,,
8398.106135,,3.478076,4.471812,3.974944,,3.473860,4.466391,3.970125,,
8408.128780,,3.473860,4.466391,3.970125,,3.471946,4.463931,4.067137,,
8418.260938,,3.471946,4.463931,4.067137,,3.472737,4.464948,3.869621,,
8428.389075,,3.472737,4.464948,3.869621,,3.467654,4.458413,4.062109,,
8438.503789,,3.467654,4.458413,4.062109,,3.554554,4.443193,3.949505,,
8448.600176,,3.554554,4.443193,3.949505,,3.462733,4.452085,3.957409,,
8458.667623,,3.462733,4.452085,3.957409,,3.464879,4.454845,3.959862,,
8468.689963,,3.464879,4.454845,3.959862,,3.479018,4.473024,4.075422,,
8478.832087,,3.479018,4.473024,4.075422,,3.491541,4.489125,3.890575,,
8488.856881,,3.491541,4.489125,3.890575,,3.452761,4.439265,4.044663,,
8498.918412,,3.452761,4.439265,4.044663,,3.486664,4.482854,3.984759,,
8508.958143,,3.486664,4.482854,3.984759,,3.481569,4.476303,3.978936,,
8519.083261,,3.481569,4.476303,3.978936,,3.489559,4.486575,3.988067,,
8529.137561,,3.489559,4.486575,3.988067,,3.553320,4.441650,3.948134,,
8539.287713,,3.553320,4.441650,3.948134,,3.477525,4.471103,3.974314,,
8549.293929,,3.477525,4.471103,3.974314,,3.456109,4.443569,4.048585,,
8559.326195,,3.456109,4.443569,4.048585,,3.494362,4.492751,3.993556,,
8569.454784,,3.494362,4.492751,3.993556,,3.488096,4.484695,3.986396,,
8579.513637,,3.488096,4.484695,3.986396,,3.457297,4.445096,3.951197,,
8589.535696,,3.457297,4.445096,3.951197,,3.482264,4.477197,3.979731,,
8599.593515,,3.482264,4.477197,3.979731,,3.486884,4.383512,3.985011,,
8609.669376,,3.486884,4.383512,3.985011,,3.482332,4.477284,3.979808,,
8619.742671,,3.482332,4.477284,3.979808,,3.472118,4.464151,3.968135,,
8629.857598,,3.472118,4.464151,3.968135,,3.472583,4.464750,3.968667,,
8639.945248,,3.472583,4.464750,3.968667,,3.559484,4.548229,4.053856,,
8649.983019,,3.559484,4.548229,4.053856,,3.469971,4.461391,3.965681,,
8660.111184,,3.469971,4.461391,3.965681,,3.486839,4.483079,3.984959,,
8670.161882,,3.486839,4.483079,3.984959,,3.452466,4.438885,3.945676,,
8680.379171,,3.452466,4.438885,3.945676,,3.485829,4.481781,3.983805,,
8690.393902,,3.485829,4.481781,3.983805,,3.522371,4.402963,4.011589,,
8700.398240,,3.522371,4.402963,4.011589,,3.497832,4.497212,3.997522,,
8710.621864,,3.497832,4.497212,3.997522,,3.395965,4.394778,3.995253,,
8720.667134,,3.395965,4.394778,3.995253,,3.521876,4.500175,3.913196,,
8730.702998,,3.521876,4.500175,3.913196,,3.483695,4.479036,3.981366,,
8740.755127,,3.483695,4.479036,3.981366,,3.494757,4.493259,3.994008,,
8751.127923,,3.494757,4.493259,3.994008,,3.477148,4.470619,4.073231,,
8760.915203,,3.477148,4.470619,4.073231,,3.456404,4.443948,3.950176,,
8770.999504,,3.456404,4.443948,3.950176,,3.485880,4.481846,3.983863,,
8781.052689,,3.485880,4.481846,3.983863,,3.469812,4.461187,3.965500,,
8791.255637,,3.469812,4.461187,3.965500,,3.484182,4.380115,3.981923,,
8801.348106,,3.484182,4.380115,3.981923,,3.528941,4.509202,4.019072,,
8811.351459,,3.528941,4.509202,4.019072,,3.466964,4.457525,3.962244,,
8821.367544,,3.466964,4.457525,3.962244,,3.499446,4.499288,3.999367,,
8831.438108,,3.499446,4.499288,3.999367,,3.495122,4.393868,3.994425,,
8841.476492,,3.495122,4.393868,3.994425,,3.473245,4.465600,3.969423,,
8851.543280,,3.473245,4.465600,3.969423,,3.486600,4.482771,3.984685,,
8861.560248,,3.486600,4.482771,3.984685,,3.477627,4.471235,3.974431,,
8871.612743,,3.477627,4.471235,3.974431,,3.492947,4.490932,3.991939,,
8881.661745,,3.492947,4.490932,3.991939,,3.484361,4.479892,3.982127,,
8891.718759,,3.484361,4.479892,3.982127,,3.475380,4.468346,3.971863,,
8901.759567,,3.475380,4.468346,3.971863,,3.486550,4.482708,3.984629,,
8911.893371,,3.486550,4.482708,3.984629,,3.480754,4.475255,3.978004,,
8921.936905,,3.480754,4.475255,3.978004,,3.456843,4.444512,4.049445,,
8932.006057,,3.456843,4.444512,4.049445,,3.486736,4.482947,3.984842,,
8942.020012,,3.486736,4.482947,3.984842,,3.476728,4.470079,3.973403,,
8952.076283,,3.476728,4.470079,3.973403,,3.498208,4.397748,3.997952,,
8962.125140,,3.498208,4.397748,3.997952,,3.474610,4.467356,3.970983,,
8972.619242,,3.474610,4.467356,3.970983,,3.485425,4.481261,3.983343,,
8982.523317,,3.485425,4.481261,3.983343,,3.516927,4.493852,3.907697,,
8992.678118,,3.516927,4.493852,3.907697,,3.437479,4.419616,4.026761,,
9002.703413,,3.437479,4.419616,4.026761,,3.544056,4.430070,3.937840,,
9012.729288,,3.544056,4.430070,3.937840,,3.496779,4.495858,3.996319,,
9022.745931,,3.496779,4.495858,3.996319,,3.494511,4.492943,3.993727,,
9032.785693,,3.494511,4.492943,3.993727,,3.387752,4.483790,3.985591,,
9042.835053,,3.387752,4.483790,3.985591,,3.490306,4.487536,3.988921,,
9052.865258,,3.490306,4.487536,3.988921,,3.481475,4.376712,3.978829,,
9062.980074,,3.481475,4.376712,3.978829,,3.494575,4.493024,3.993799,,
9073.033080,,3.494575,4.493024,3.993799,,3.553139,4.441424,4.046631,,
9083.178823,,3.553139,4.441424,4.046631,,3.488600,4.485342,3.986971,,
9093.439360,,3.488600,4.485342,3.986971,,3.441355,4.522923,3.932977,,
9103.510526,,3.441355,4.522923,3.932977,,3.515403,4.394253,4.003653,,
9113.620410,,3.515403,4.394253,4.003653,,3.468639,4.459679,3.964159,,
9123.728283,,3.468639,4.459679,3.964159,,3.463109,4.551514,3.957839,,
9133.894501,,3.463109,4.551514,3.957839,,3.467653,4.458411,4.062108,,
9144.021683,,3.467653,4.458411,4.062108,,3.540441,4.425551,3.933823,,
9154.100357,,3.540441,4.425551,3.933823,,3.456566,4.444156,4.049120,,
9164.164800,,3.456566,4.444156,4.049120,,3.470937,4.462633,3.966785,,
9174.343920,,3.470937,4.462633,3.966785,,3.458296,4.446380,3.952338,,
9184.437400,,3.458296,4.446380,3.952338,,3.556027,4.543812,3.951141,,
9194.551343,,3.556027,4.543812,3.951141,,3.469435,4.460702,3.965069,,
9204.640229,,3.469435,4.460702,3.965069,,3.457331,4.445140,4.050016,,
9214.952954,,3.457331,4.445140,4.050016,,3.471541,4.463410,3.967476,,
9225.110349,,3.471541,4.463410,3.967476,,3.470867,4.462543,3.966705,,
9234.963455,,3.470867,4.462543,3.966705,,3.450604,4.436490,3.943547,,
9245.077156,,3.450604,4.436490,3.943547,,3.564708,4.455885,4.059806,,
9255.124719,,3.564708,4.455885,4.059806,,3.460219,4.448853,3.954536,,
9265.333798,,3.460219,4.448853,3.954536,,3.483464,4.478739,3.981101,,
9275.386501,,3.483464,4.478739,3.981101,,3.530048,4.510616,4.020332,,
9285.445423,,3.530048,4.510616,4.020332,,3.478628,4.472521,3.975575,,
9295.580039,,3.478628,4.472521,3.975575,,3.479903,4.374736,3.977032,,
9305.682697,,3.479903,4.374736,3.977032,,3.454617,4.540354,3.948134,,
9315.773656,,3.454617,4.540354,3.948134,,3.460899,4.449728,4.054196,,
9326.229068,,3.460899,4.449728,4.054196,,3.469931,4.461339,3.965635,,
9336.317673,,3.469931,4.461339,3.965635,,3.524584,4.405730,3.916204,,
9346.352156,,3.524584,4.405730,3.916204,,3.468727,4.459792,4.063366,,
9356.293465,,3.468727,4.459792,4.063366,,3.490545,4.487844,3.989195,,
9366.425022,,3.490545,4.487844,3.989195,,3.532358,4.513568,3.924842,,
9376.510773,,3.532358,4.513568,3.924842,,3.458389,4.446500,3.952444,,
9386.643561,,3.458389,4.446500,3.952444,,3.469527,4.460820,4.064303,,
9396.773441,,3.469527,4.460820,4.064303,,3.456042,4.443482,3.949762,,
9406.932198,,3.456042,4.443482,3.949762,,3.550194,4.437742,3.944660,,
9417.002777,,3.550194,4.437742,3.944660,,3.443260,4.525427,4.033533,,
9427.221300,,3.443260,4.525427,4.033533,,3.478722,4.472643,3.975683,,
9437.345358,,3.478722,4.472643,3.975683,,3.521280,4.401601,4.010347,,
9447.596408,,3.521280,4.401601,4.010347,,3.456307,4.542575,3.950066,,
9457.718078,,3.456307,4.542575,3.950066,,3.510691,4.388364,3.998287,,
9467.934083,,3.510691,4.388364,3.998287,,3.462268,4.550409,3.956877,,
9478.129836,,3.462268,4.550409,3.956877,,3.521928,4.402410,4.011085,,
9488.275126,,3.521928,4.402410,4.011085,,3.432847,4.511742,4.021335,,
9498.319758,,3.432847,4.511742,4.021335,,3.547690,4.434613,3.941878,,
9508.516575,,3.547690,4.434613,3.941878,,3.478722,4.472642,3.975682,,
9518.683228,,3.478722,4.472642,3.975682,,3.437803,4.420033,4.027141,,
9529.244608,,3.437803,4.420033,4.027141,,3.525481,4.504782,3.917202,,
9538.857129,,3.525481,4.504782,3.917202,,3.495328,4.493993,3.994660,,
9548.907592,,3.495328,4.493993,3.994660,,3.463435,4.452988,3.958212,,
9559.025394,,3.463435,4.452988,3.958212,,3.484727,4.480363,3.982545,,
9569.075037,,3.484727,4.480363,3.982545,,3.458559,4.446719,4.051455,,
9579.162262,,3.458559,4.446719,4.051455,,3.478544,4.472414,3.975479,,
9589.311842,,3.478544,4.472414,3.975479,,3.471189,4.462957,3.967073,,
9599.504456,,3.471189,4.462957,3.967073,,3.541366,4.426708,4.033223,,
9609.581306,,3.541366,4.426708,4.033223,,3.438342,4.518964,3.929534,,
9619.718979,,3.438342,4.518964,3.929534,,3.469731,4.461083,3.965407,,
9629.866044,,3.469731,4.461083,3.965407,,3.553567,4.441959,4.047118,,
9639.951558,,3.553567,4.441959,4.047118,,3.449561,4.435150,3.942355,,
9650.065347,,3.449561,4.435150,3.942355,,3.473179,4.465516,3.969348,,
9660.224288,,3.473179,4.465516,3.969348,,3.459209,4.447555,4.052216,,
9670.333457,,3.459209,4.447555,4.052216,,3.543596,4.527928,3.937329,,
9680.487971,,3.543596,4.527928,3.937329,,3.466599,4.457056,3.961828,,
9690.594508,,3.466599,4.457056,3.961828,,3.440814,4.423904,4.030668,,
9700.772525,,3.440814,4.423904,4.030668,,3.562098,4.452622,3.957887,,
9710.879368,,3.562098,4.452622,3.957887,,3.441494,4.523106,4.031464,,
9721.007095,,3.441494,4.523106,4.031464,,3.459256,4.447615,3.953436,,
9731.094746,,3.459256,4.447615,3.953436,,3.555298,4.444123,3.950332,,
9741.640646,,3.555298,4.444123,3.950332,,3.470501,4.462073,4.065444,,
9751.396526,,3.470501,4.462073,4.065444,,3.484435,4.479988,3.982212,,
9761.235543,,3.484435,4.479988,3.982212,,3.498313,4.497831,3.898120,,
9771.278653,,3.498313,4.497831,3.898120,,3.468073,4.458951,4.062600,,
9781.268630,,3.468073,4.458951,4.062600,,3.484594,4.480193,3.982393,,
9791.630517,,3.484594,4.480193,3.982393,,3.422664,4.400568,3.911616,,
9801.655450,,3.422664,4.400568,3.911616,,3.554191,4.442739,4.047829,,
9811.701828,,3.554191,4.442739,4.047829,,3.490094,4.487264,3.988679,,
9821.716501,,3.490094,4.487264,3.988679,,3.489769,4.486846,3.988308,,
9831.747186,,3.489769,4.486846,3.988308,,3.492737,4.490662,3.991700,,
9841.779003,,3.492737,4.490662,3.991700,,3.485607,4.381906,3.983551,,
9851.834990,,3.485607,4.381906,3.983551,,3.488947,4.485789,3.987368,,
9861.859467,,3.488947,4.485789,3.987368,,3.481161,4.475779,3.978470,,
9871.853899,,3.481161,4.475779,3.978470,,3.391759,4.489092,3.990304,,
9882.095347,,3.391759,4.489092,3.990304,,3.514183,4.490345,3.904648,,
9892.331023,,3.514183,4.490345,3.904648,,3.516609,4.395762,4.005027,,
9902.542058,,3.516609,4.395762,4.005027,,3.483613,4.478931,3.981272,,
9912.575516,,3.483613,4.478931,3.981272,,3.446905,4.431735,4.037803,,
9922.588703,,3.446905,4.431735,4.037803,,3.492108,4.489853,3.990980,,
9932.610131,,3.492108,4.489853,3.990980,,3.488696,4.485466,3.987081,,
9942.632558,,3.488696,4.485466,3.987081,,3.499010,4.498727,3.998869,,
9952.676517,,3.499010,4.498727,3.998869,,3.489338,4.386596,3.987815,,
9962.697927,,3.489338,4.386596,3.987815,,3.487118,4.483437,3.985277,,
9972.722670,,3.487118,4.483437,3.985277,,3.489722,4.486785,3.988254,,
9982.763518,,3.489722,4.486785,3.988254,,3.489386,4.486353,3.888173,,
9992.769967,,3.489386,4.486353,3.888173,,3.490951,4.488366,3.989658,,
10002.804883,,3.490951,4.488366,3.989658,,3.492690,4.390810,3.991645,,
10012.843223,,3.492690,4.390810,3.991645,,3.489325,4.486275,3.987800,,
10022.873850,,3.489325,4.486275,3.987800,,3.391740,4.489067,3.990282,,
10032.899225,,3.391740,4.489067,3.990282,,3.581827,4.477283,3.979807,,
10042.956694,,3.581827,4.477283,3.979807,,3.392707,4.390562,3.991420,,
10052.982598,,3.392707,4.390562,3.991420,,3.487328,4.483708,3.985518,,
10063.044888,,3.487328,4.483708,3.985518,,3.485198,4.480968,3.983083,,
10073.145352,,3.485198,4.480968,3.983083,,3.480494,4.474921,3.977707,,
10083.223042,,3.480494,4.474921,3.977707,,3.563742,4.454677,4.058706,,
10093.358339,,3.563742,4.454677,4.058706,,3.467471,4.458177,3.962824,,
10103.396000,,3.467471,4.458177,3.962824,,3.456440,4.443994,3.950217,,
10113.518639,,3.456440,4.443994,3.950217,,3.470322,4.461843,3.966083,,
10123.565569,,3.470322,4.461843,3.966083,,3.472327,4.464420,4.067583,,
10133.611544,,3.472327,4.464420,4.067583,,3.487634,4.484101,3.985868,,
10143.889038,,3.487634,4.484101,3.985868,,3.482830,4.477924,3.980377,,
10153.692461,,3.482830,4.477924,3.980377,,3.488388,4.485071,3.986730,,
10163.731905,,3.488388,4.485071,3.986730,,3.483483,4.478764,3.981123,,
10173.875682,,3.483483,4.478764,3.981123,,3.484470,4.480033,3.982252,,
10183.892898,,3.484470,4.480033,3.982252,,3.550234,4.437792,3.944704,,
10193.917929,,3.550234,4.437792,3.944704,,3.494276,4.492641,3.993459,,
10203.957495,,3.494276,4.492641,3.993459,,3.491212,4.388952,3.989956,,
10214.020774,,3.491212,4.388952,3.989956,,3.490383,4.487635,3.989009,,
10224.056760,,3.490383,4.487635,3.989009,,3.476516,4.469806,3.973161,,
10234.088520,,3.476516,4.469806,3.973161,,3.490058,4.487218,3.988638,,
10244.157571,,3.490058,4.487218,3.988638,,3.485089,4.480828,3.982958,,
10254.306644,,3.485089,4.480828,3.982958,,3.475837,4.468934,3.972385,,
10264.384867,,3.475837,4.468934,3.972385,,3.447284,4.432222,4.038247,,
10274.451075,,3.447284,4.432222,4.038247,,3.475577,4.468599,3.972088,,
10284.488475,,3.475577,4.468599,3.972088,,3.474727,4.467506,3.971117,,
10294.604001,,3.474727,4.467506,3.971117,,3.484286,4.479797,3.982042,,
10305.071433,,3.484286,4.479797,3.982042,,3.457639,4.445535,3.951587,,
10315.288275,,3.457639,4.445535,3.951587,,3.531402,4.414253,4.021875,,
10324.976559,,3.531402,4.414253,4.021875,,3.497995,4.497423,3.997709,,
10335.371162,,3.497995,4.497423,3.997709,,3.449336,4.434860,3.942098,,
10345.309233,,3.449336,4.434860,3.942098,,3.443154,4.426912,4.033409,,
10355.492778,,3.443154,4.426912,4.033409,,3.535858,4.518041,3.928731,,
