Type,Time,,Best_Config,Best_newState,Best_R1,Best_R2,Best_R3,Best_Speed,LOOP,CLA1,CLA2,,S1_R1,S1_R2,S1_R3,S1_r,S1_Acc,S1_sp,,S2_R2,S2_R2,S2_R3,S2_r,S2_Acc,S2_sp,,S3_R1,S3_R2,S3_R3,S3_r,S3_Acc,S3_sp,,S4_R1,S4_R2,S4_R3,S4_r,S4_Acc,S4_sp,,S5_R1,S5_R2,S5_R3,S5_r,S5_Acc,S5_sp,,S6_R1,S6_R2,S6_R3,S6_r,S6_Acc,S6_sp,,S7_R1,S7_R2,S7_R3,S7_r,S7_Acc,S7_sp,,
DECIDE,20.5195,,0,0,6.94422e-310,6.94422e-310,-1,-1,-1,-1,-1,,259.007,491.787,0,5,102,2,,231.261,357.547,0,4.40427,101.333,2,,485.405,850.535,0,-1,-1,2,,254.206,303.002,0,4.94138,102.333,2,,508.43,795.209,0,-1,-1,2,,480.617,660.272,0,-1,-1,2,,683.438,1155,0,-1,-1,4,,
Normal,30.994,,4,4,254.686,291.764,0.792978,3.8,5.43785,254.206,303.002,,251.843,470.827,10000,5,89.55,4,,228.106,343.542,10000,4.45057,90.5,4,,479.949,808.369,2000,-1,-1,4,,254.686,291.764,0.792978,4.97654,90.405,3.8,,505.106,756.591,2000,-1,-1,4,,481.37,629.306,2000,-1,-1,4,,733.213,1094.13,2000,-1,-1,4,,
Normal,31.5362,,4,4,254.603,290.888,1.54054,3.7,0.539486,254.206,303.002,,6.94422e-310,6.94422e-310,1.4822e-323,5,89.825,1.9,,6.94422e-310,6.94422e-310,1.4822e-323,4.5,90.75,-0.2,,6.94422e-310,6.94422e-310,1.4822e-323,-1,-1,-2.3,,254.603,290.888,1.54054,4.96015,90.6575,3.7,,6.94422e-310,6.94422e-310,1.4822e-323,-1,-1,-6.5,,6.94422e-310,6.94422e-310,1.4822e-323,-1,-1,-8.6,,6.94422e-310,6.94422e-310,1.4822e-323,-1,-1,-10.7,,
Normal,36.4751,,4,4,254.722,289.462,1.57143,3.5,0.410156,254.206,303.002,,6.94422e-310,6.94422e-310,1.4822e-323,5,93,1.9,,6.94422e-310,6.94422e-310,1.4822e-323,4.5,91.25,-0.2,,6.94422e-310,6.94422e-310,1.4822e-323,-1,-1,-2.3,,254.722,289.462,1.57143,4.93347,91.1625,3.5,,6.94422e-310,6.94422e-310,1.4822e-323,-1,-1,-6.5,,6.94422e-310,6.94422e-310,1.4822e-323,-1,-1,-8.6,,6.94422e-310,6.94422e-310,1.4822e-323,-1,-1,-10.7,,
Normal,41.5982,,4,4,254.773,283.309,1.68966,2.9,0.345688,254.206,303.002,,6.94422e-310,6.94422e-310,1.4822e-323,5,94.2,1.9,,6.94422e-310,6.94422e-310,1.4822e-323,4.5,96.1333,-0.2,,6.94422e-310,6.94422e-310,1.4822e-323,-1,-1,-2.3,,254.773,283.309,1.68966,4.81858,93.2333,2.9,,6.94422e-310,6.94422e-310,1.4822e-323,-1,-1,-6.5,,6.94422e-310,6.94422e-310,1.4822e-323,-1,-1,-8.6,,6.94422e-310,6.94422e-310,1.4822e-323,-1,-1,-10.7,,
Normal,46.745,,4,4,258.497,296.781,1.51282,3.9,0.365086,254.206,303.002,,6.94422e-310,6.94422e-310,1.4822e-323,5,89.275,1.9,,6.94422e-310,6.94422e-310,1.4822e-323,4.5,90.25,-0.2,,6.94422e-310,6.94422e-310,1.4822e-323,-1,-1,-2.3,,258.497,296.781,1.51282,5.07055,90.1525,3.9,,6.94422e-310,6.94422e-310,1.4822e-323,-1,-1,-6.5,,6.94422e-310,6.94422e-310,1.4822e-323,-1,-1,-8.6,,6.94422e-310,6.94422e-310,1.4822e-323,-1,-1,-10.7,,
Normal,51.9024,,4,4,256.262,285.596,1.66667,3,0.378738,254.206,303.002,,6.94422e-310,6.94422e-310,1.4822e-323,5,94,1.9,,6.94422e-310,6.94422e-310,1.4822e-323,4.5,96,-0.2,,6.94422e-310,6.94422e-310,1.4822e-323,-1,-1,-2.3,,256.262,285.596,1.66667,4.86125,93,3,,6.94422e-310,6.94422e-310,1.4822e-323,-1,-1,-6.5,,6.94422e-310,6.94422e-310,1.4822e-323,-1,-1,-8.6,,6.94422e-310,6.94422e-310,1.4822e-323,-1,-1,-10.7,,
Normal,57.1453,,4,4,256.959,295.075,1.51282,3.9,0.461558,254.206,303.002,,6.94422e-310,6.94422e-310,1.4822e-323,5,89.275,1.9,,6.94422e-310,6.94422e-310,1.4822e-323,4.5,90.25,-0.2,,6.94422e-310,6.94422e-310,1.4822e-323,-1,-1,-2.3,,256.959,295.075,1.51282,5.03856,90.1525,3.9,,6.94422e-310,6.94422e-310,1.4822e-323,-1,-1,-6.5,,6.94422e-310,6.94422e-310,1.4822e-323,-1,-1,-8.6,,6.94422e-310,6.94422e-310,1.4822e-323,-1,-1,-10.7,,
Normal,62.3253,,4,4,254.385,290.647,1.54054,3.7,0.39579,254.206,303.002,,6.94422e-310,6.94422e-310,1.4822e-323,5,89.825,1.9,,6.94422e-310,6.94422e-310,1.4822e-323,4.5,90.75,-0.2,,6.94422e-310,6.94422e-310,1.4822e-323,-1,-1,-2.3,,254.385,290.647,1.54054,4.95565,90.6575,3.7,,6.94422e-310,6.94422e-310,1.4822e-323,-1,-1,-6.5,,6.94422e-310,6.94422e-310,1.4822e-323,-1,-1,-8.6,,6.94422e-310,6.94422e-310,1.4822e-323,-1,-1,-10.7,,
Normal,67.5514,,4,4,256.394,294.448,1.51282,3.9,0.449665,254.206,303.002,,6.94422e-310,6.94422e-310,1.4822e-323,5,89.275,1.9,,6.94422e-310,6.94422e-310,1.4822e-323,4.5,90.25,-0.2,,6.94422e-310,6.94422e-310,1.4822e-323,-1,-1,-2.3,,256.394,294.448,1.51282,5.0268,90.1525,3.9,,6.94422e-310,6.94422e-310,1.4822e-323,-1,-1,-6.5,,6.94422e-310,6.94422e-310,1.4822e-323,-1,-1,-8.6,,6.94422e-310,6.94422e-310,1.4822e-323,-1,-1,-10.7,,
Normal,72.6844,,4,4,254.888,291.202,1.54054,3.7,0.346216,254.206,303.002,,6.94422e-310,6.94422e-310,1.4822e-323,5,89.825,1.9,,6.94422e-310,6.94422e-310,1.4822e-323,4.5,90.75,-0.2,,6.94422e-310,6.94422e-310,1.4822e-323,-1,-1,-2.3,,254.888,291.202,1.54054,4.96603,90.6575,3.7,,6.94422e-310,6.94422e-310,1.4822e-323,-1,-1,-6.5,,6.94422e-310,6.94422e-310,1.4822e-323,-1,-1,-8.6,,6.94422e-310,6.94422e-310,1.4822e-323,-1,-1,-10.7,,
Normal,77.7846,,4,4,254.29,286.689,1.625,3.2,0.326032,254.206,303.002,,6.94422e-310,6.94422e-310,1.4822e-323,5,93.6,1.9,,6.94422e-310,6.94422e-310,1.4822e-323,4.5,92,-0.2,,6.94422e-310,6.94422e-310,1.4822e-323,-1,-1,-2.3,,254.29,286.689,1.625,4.88166,91.92,3.2,,6.94422e-310,6.94422e-310,1.4822e-323,-1,-1,-6.5,,6.94422e-310,6.94422e-310,1.4822e-323,-1,-1,-8.6,,6.94422e-310,6.94422e-310,1.4822e-323,-1,-1,-10.7,,
Normal,82.933,,4,4,259.451,297.839,1.51282,3.9,0.366848,254.206,303.002,,6.94422e-310,6.94422e-310,1.4822e-323,5,89.275,1.9,,6.94422e-310,6.94422e-310,1.4822e-323,4.5,90.25,-0.2,,6.94422e-310,6.94422e-310,1.4822e-323,-1,-1,-2.3,,259.451,297.839,1.51282,5.0904,90.1525,3.9,,6.94422e-310,6.94422e-310,1.4822e-323,-1,-1,-6.5,,6.94422e-310,6.94422e-310,1.4822e-323,-1,-1,-8.6,,6.94422e-310,6.94422e-310,1.4822e-323,-1,-1,-10.7,,
Normal,88.0072,,4,4,255.931,285.24,1.66667,3,0.290528,254.206,303.002,,6.94422e-310,6.94422e-310,1.4822e-323,5,94,1.9,,6.94422e-310,6.94422e-310,1.4822e-323,4.5,96,-0.2,,6.94422e-310,6.94422e-310,1.4822e-323,-1,-1,-2.3,,255.931,285.24,1.66667,4.85461,93,3,,6.94422e-310,6.94422e-310,1.4822e-323,-1,-1,-6.5,,6.94422e-310,6.94422e-310,1.4822e-323,-1,-1,-8.6,,6.94422e-310,6.94422e-310,1.4822e-323,-1,-1,-10.7,,
Normal,93.3782,,4,4,260.979,299.535,1.51282,3.9,0.585552,254.206,303.002,,6.94422e-310,6.94422e-310,1.4822e-323,5,89.275,1.9,,6.94422e-310,6.94422e-310,1.4822e-323,4.5,90.25,-0.2,,6.94422e-310,6.94422e-310,1.4822e-323,-1,-1,-2.3,,260.979,299.535,1.51282,5.12223,90.1525,3.9,,6.94422e-310,6.94422e-310,1.4822e-323,-1,-1,-6.5,,6.94422e-310,6.94422e-310,1.4822e-323,-1,-1,-8.6,,6.94422e-310,6.94422e-310,1.4822e-323,-1,-1,-10.7,,
Normal,98.1747,,4,4,254.738,287.176,1.625,3.2,0.270318,254.206,303.002,,6.94422e-310,6.94422e-310,1.4822e-323,5,93.6,1.9,,6.94422e-310,6.94422e-310,1.4822e-323,4.5,92,-0.2,,6.94422e-310,6.94422e-310,1.4822e-323,-1,-1,-2.3,,254.738,287.176,1.625,4.89076,91.92,3.2,,6.94422e-310,6.94422e-310,1.4822e-323,-1,-1,-6.5,,6.94422e-310,6.94422e-310,1.4822e-323,-1,-1,-8.6,,6.94422e-310,6.94422e-310,1.4822e-323,-1,-1,-10.7,,
Normal,103.247,,4,4,254.644,290.152,1.55556,3.6,0.288152,254.206,303.002,,6.94422e-310,6.94422e-310,1.4822e-323,5,90.1,1.9,,6.94422e-310,6.94422e-310,1.4822e-323,4.5,91,-0.2,,6.94422e-310,6.94422e-310,1.4822e-323,-1,-1,-2.3,,254.644,290.152,1.55556,4.94638,90.91,3.6,,6.94422e-310,6.94422e-310,1.4822e-323,-1,-1,-6.5,,6.94422e-310,6.94422e-310,1.4822e-323,-1,-1,-8.6,,6.94422e-310,6.94422e-310,1.4822e-323,-1,-1,-10.7,,
Normal,108.316,,4,4,254.68,289.416,1.57143,3.5,0.289478,254.206,303.002,,6.94422e-310,6.94422e-310,1.4822e-323,5,93,1.9,,6.94422e-310,6.94422e-310,1.4822e-323,4.5,91.25,-0.2,,6.94422e-310,6.94422e-310,1.4822e-323,-1,-1,-2.3,,254.68,289.416,1.57143,4.93262,91.1625,3.5,,6.94422e-310,6.94422e-310,1.4822e-323,-1,-1,-6.5,,6.94422e-310,6.94422e-310,1.4822e-323,-1,-1,-8.6,,6.94422e-310,6.94422e-310,1.4822e-323,-1,-1,-10.7,,
Normal,113.345,,4,4,254.664,289.398,1.57143,3.5,0.249142,254.206,303.002,,6.94422e-310,6.94422e-310,1.4822e-323,5,93,1.9,,6.94422e-310,6.94422e-310,1.4822e-323,4.5,91.25,-0.2,,6.94422e-310,6.94422e-310,1.4822e-323,-1,-1,-2.3,,254.664,289.398,1.57143,4.93228,91.1625,3.5,,6.94422e-310,6.94422e-310,1.4822e-323,-1,-1,-6.5,,6.94422e-310,6.94422e-310,1.4822e-323,-1,-1,-8.6,,6.94422e-310,6.94422e-310,1.4822e-323,-1,-1,-10.7,,
Normal,118.387,,4,4,254.594,291.662,1.52632,3.8,0.265656,254.206,303.002,,6.94422e-310,6.94422e-310,1.4822e-323,5,89.55,1.9,,6.94422e-310,6.94422e-310,1.4822e-323,4.5,90.5,-0.2,,6.94422e-310,6.94422e-310,1.4822e-323,-1,-1,-2.3,,254.594,291.662,1.52632,4.97464,90.405,3.8,,6.94422e-310,6.94422e-310,1.4822e-323,-1,-1,-6.5,,6.94422e-310,6.94422e-310,1.4822e-323,-1,-1,-8.6,,6.94422e-310,6.94422e-310,1.4822e-323,-1,-1,-10.7,,
Normal,123.452,,4,4,254.494,290.767,1.54054,3.7,0.289062,254.206,303.002,,6.94422e-310,6.94422e-310,1.4822e-323,5,89.825,1.9,,6.94422e-310,6.94422e-310,1.4822e-323,4.5,90.75,-0.2,,6.94422e-310,6.94422e-310,1.4822e-323,-1,-1,-2.3,,254.494,290.767,1.54054,4.95789,90.6575,3.7,,6.94422e-310,6.94422e-310,1.4822e-323,-1,-1,-6.5,,6.94422e-310,6.94422e-310,1.4822e-323,-1,-1,-8.6,,6.94422e-310,6.94422e-310,1.4822e-323,-1,-1,-10.7,,
Normal,128.759,,4,4,261.445,300.052,1.51282,3.9,0.528755,254.206,303.002,,6.94422e-310,6.94422e-310,1.4822e-323,5,89.275,1.9,,6.94422e-310,6.94422e-310,1.4822e-323,4.5,90.25,-0.2,,6.94422e-310,6.94422e-310,1.4822e-323,-1,-1,-2.3,,261.445,300.052,1.51282,5.13194,90.1525,3.9,,6.94422e-310,6.94422e-310,1.4822e-323,-1,-1,-6.5,,6.94422e-310,6.94422e-310,1.4822e-323,-1,-1,-8.6,,6.94422e-310,6.94422e-310,1.4822e-323,-1,-1,-10.7,,
Normal,133.764,,4,4,254.337,289.815,1.55556,3.6,0.474594,254.206,303.002,,6.94422e-310,6.94422e-310,1.4822e-323,5,90.1,1.9,,6.94422e-310,6.94422e-310,1.4822e-323,4.5,91,-0.2,,6.94422e-310,6.94422e-310,1.4822e-323,-1,-1,-2.3,,254.337,289.815,1.55556,4.94007,90.91,3.6,,6.94422e-310,6.94422e-310,1.4822e-323,-1,-1,-6.5,,6.94422e-310,6.94422e-310,1.4822e-323,-1,-1,-8.6,,6.94422e-310,6.94422e-310,1.4822e-323,-1,-1,-10.7,,
Normal,138.59,,4,4,254.634,292.495,1.51282,3.9,0.289464,254.206,303.002,,6.94422e-310,6.94422e-310,1.4822e-323,5,89.275,1.9,,6.94422e-310,6.94422e-310,1.4822e-323,4.5,90.25,-0.2,,6.94422e-310,6.94422e-310,1.4822e-323,-1,-1,-2.3,,254.634,292.495,1.51282,4.99023,90.1525,3.9,,6.94422e-310,6.94422e-310,1.4822e-323,-1,-1,-6.5,,6.94422e-310,6.94422e-310,1.4822e-323,-1,-1,-8.6,,6.94422e-310,6.94422e-310,1.4822e-323,-1,-1,-10.7,,
Normal,143.716,,4,4,254.419,289.13,1.57143,3.5,0.339153,254.206,303.002,,6.94422e-310,6.94422e-310,1.4822e-323,5,93,1.9,,6.94422e-310,6.94422e-310,1.4822e-323,4.5,91.25,-0.2,,6.94422e-310,6.94422e-310,1.4822e-323,-1,-1,-2.3,,254.419,289.13,1.57143,4.92727,91.1625,3.5,,6.94422e-310,6.94422e-310,1.4822e-323,-1,-1,-6.5,,6.94422e-310,6.94422e-310,1.4822e-323,-1,-1,-8.6,,6.94422e-310,6.94422e-310,1.4822e-323,-1,-1,-10.7,,
Normal,148.762,,4,4,254.874,286.564,1.64516,3.1,0.264776,254.206,303.002,,6.94422e-310,6.94422e-310,1.4822e-323,5,93.8,1.9,,6.94422e-310,6.94422e-310,1.4822e-323,4.5,92.25,-0.2,,6.94422e-310,6.94422e-310,1.4822e-323,-1,-1,-2.3,,254.874,286.564,1.64516,4.87933,92.1725,3.1,,6.94422e-310,6.94422e-310,1.4822e-323,-1,-1,-6.5,,6.94422e-310,6.94422e-310,1.4822e-323,-1,-1,-8.6,,6.94422e-310,6.94422e-310,1.4822e-323,-1,-1,-10.7,,
Normal,153.804,,4,4,254.387,290.65,1.54054,3.7,0.261355,254.206,303.002,,6.94422e-310,6.94422e-310,1.4822e-323,5,89.825,1.9,,6.94422e-310,6.94422e-310,1.4822e-323,4.5,90.75,-0.2,,6.94422e-310,6.94422e-310,1.4822e-323,-1,-1,-2.3,,254.387,290.65,1.54054,4.95569,90.6575,3.7,,6.94422e-310,6.94422e-310,1.4822e-323,-1,-1,-6.5,,6.94422e-310,6.94422e-310,1.4822e-323,-1,-1,-8.6,,6.94422e-310,6.94422e-310,1.4822e-323,-1,-1,-10.7,,
Normal,158.836,,4,4,254.616,290.901,1.54054,3.7,0.25394,254.206,303.002,,6.94422e-310,6.94422e-310,1.4822e-323,5,89.825,1.9,,6.94422e-310,6.94422e-310,1.4822e-323,4.5,90.75,-0.2,,6.94422e-310,6.94422e-310,1.4822e-323,-1,-1,-2.3,,254.616,290.901,1.54054,4.9604,90.6575,3.7,,6.94422e-310,6.94422e-310,1.4822e-323,-1,-1,-6.5,,6.94422e-310,6.94422e-310,1.4822e-323,-1,-1,-8.6,,6.94422e-310,6.94422e-310,1.4822e-323,-1,-1,-10.7,,
Normal,163.872,,4,4,254.584,290.867,1.54054,3.7,0.249321,254.206,303.002,,6.94422e-310,6.94422e-310,1.4822e-323,5,89.825,1.9,,6.94422e-310,6.94422e-310,1.4822e-323,4.5,90.75,-0.2,,6.94422e-310,6.94422e-310,1.4822e-323,-1,-1,-2.3,,254.584,290.867,1.54054,4.95975,90.6575,3.7,,6.94422e-310,6.94422e-310,1.4822e-323,-1,-1,-6.5,,6.94422e-310,6.94422e-310,1.4822e-323,-1,-1,-8.6,,6.94422e-310,6.94422e-310,1.4822e-323,-1,-1,-10.7,,
Normal,169.074,,4,4,254.503,291.561,1.52632,3.8,0.42366,254.206,303.002,,6.94422e-310,6.94422e-310,1.4822e-323,5,89.55,1.9,,6.94422e-310,6.94422e-310,1.4822e-323,4.5,90.5,-0.2,,6.94422e-310,6.94422e-310,1.4822e-323,-1,-1,-2.3,,254.503,291.561,1.52632,4.97275,90.405,3.8,,6.94422e-310,6.94422e-310,1.4822e-323,-1,-1,-6.5,,6.94422e-310,6.94422e-310,1.4822e-323,-1,-1,-8.6,,6.94422e-310,6.94422e-310,1.4822e-323,-1,-1,-10.7,,
Normal,174.229,,4,4,254.869,292.756,1.51282,3.9,0.373619,254.206,303.002,,6.94422e-310,6.94422e-310,1.4822e-323,5,89.275,1.9,,6.94422e-310,6.94422e-310,1.4822e-323,4.5,90.25,-0.2,,6.94422e-310,6.94422e-310,1.4822e-323,-1,-1,-2.3,,254.869,292.756,1.51282,4.99512,90.1525,3.9,,6.94422e-310,6.94422e-310,1.4822e-323,-1,-1,-6.5,,6.94422e-310,6.94422e-310,1.4822e-323,-1,-1,-8.6,,6.94422e-310,6.94422e-310,1.4822e-323,-1,-1,-10.7,,
Normal,179.331,,4,4,257.352,295.511,1.51282,3.9,0.324538,254.206,303.002,,6.94422e-310,6.94422e-310,1.4822e-323,5,89.275,1.9,,6.94422e-310,6.94422e-310,1.4822e-323,4.5,90.25,-0.2,,6.94422e-310,6.94422e-310,1.4822e-323,-1,-1,-2.3,,257.352,295.511,1.51282,5.04673,90.1525,3.9,,6.94422e-310,6.94422e-310,1.4822e-323,-1,-1,-6.5,,6.94422e-310,6.94422e-310,1.4822e-323,-1,-1,-8.6,,6.94422e-310,6.94422e-310,1.4822e-323,-1,-1,-10.7,,
Normal,184.417,,4,4,254.583,287.771,1.60606,3.3,0.31081,254.206,303.002,,6.94422e-310,6.94422e-310,1.4822e-323,5,93.4,1.9,,6.94422e-310,6.94422e-310,1.4822e-323,4.5,91.75,-0.2,,6.94422e-310,6.94422e-310,1.4822e-323,-1,-1,-2.3,,254.583,287.771,1.60606,4.90187,91.6675,3.3,,6.94422e-310,6.94422e-310,1.4822e-323,-1,-1,-6.5,,6.94422e-310,6.94422e-310,1.4822e-323,-1,-1,-8.6,,6.94422e-310,6.94422e-310,1.4822e-323,-1,-1,-10.7,,
Normal,189.446,,4,4,254.62,288.578,1.58824,3.4,0.255176,254.206,303.002,,6.94422e-310,6.94422e-310,1.4822e-323,5,93.2,1.9,,6.94422e-310,6.94422e-310,1.4822e-323,4.5,91.5,-0.2,,6.94422e-310,6.94422e-310,1.4822e-323,-1,-1,-2.3,,254.62,288.578,1.58824,4.91696,91.415,3.4,,6.94422e-310,6.94422e-310,1.4822e-323,-1,-1,-6.5,,6.94422e-310,6.94422e-310,1.4822e-323,-1,-1,-8.6,,6.94422e-310,6.94422e-310,1.4822e-323,-1,-1,-10.7,,
Normal,194.489,,4,4,254.302,291.339,1.52632,3.8,0.265504,254.206,303.002,,6.94422e-310,6.94422e-310,1.4822e-323,5,89.55,1.9,,6.94422e-310,6.94422e-310,1.4822e-323,4.5,90.5,-0.2,,6.94422e-310,6.94422e-310,1.4822e-323,-1,-1,-2.3,,254.302,291.339,1.52632,4.96858,90.405,3.8,,6.94422e-310,6.94422e-310,1.4822e-323,-1,-1,-6.5,,6.94422e-310,6.94422e-310,1.4822e-323,-1,-1,-8.6,,6.94422e-310,6.94422e-310,1.4822e-323,-1,-1,-10.7,,
Normal,199.683,,4,4,254.425,290.691,1.54054,3.7,0.415504,254.206,303.002,,6.94422e-310,6.94422e-310,1.4822e-323,5,89.825,1.9,,6.94422e-310,6.94422e-310,1.4822e-323,4.5,90.75,-0.2,,6.94422e-310,6.94422e-310,1.4822e-323,-1,-1,-2.3,,254.425,290.691,1.54054,4.95647,90.6575,3.7,,6.94422e-310,6.94422e-310,1.4822e-323,-1,-1,-6.5,,6.94422e-310,6.94422e-310,1.4822e-323,-1,-1,-8.6,,6.94422e-310,6.94422e-310,1.4822e-323,-1,-1,-10.7,,
Normal,204.773,,4,4,255.369,293.311,1.51282,3.9,0.312461,254.206,303.002,,6.94422e-310,6.94422e-310,1.4822e-323,5,89.275,1.9,,6.94422e-310,6.94422e-310,1.4822e-323,4.5,90.25,-0.2,,6.94422e-310,6.94422e-310,1.4822e-323,-1,-1,-2.3,,255.369,293.311,1.51282,5.00551,90.1525,3.9,,6.94422e-310,6.94422e-310,1.4822e-323,-1,-1,-6.5,,6.94422e-310,6.94422e-310,1.4822e-323,-1,-1,-8.6,,6.94422e-310,6.94422e-310,1.4822e-323,-1,-1,-10.7,,
Normal,210.011,,4,4,254.33,288.261,1.58824,3.4,0.45918,254.206,303.002,,6.94422e-310,6.94422e-310,1.4822e-323,5,93.2,1.9,,6.94422e-310,6.94422e-310,1.4822e-323,4.5,91.5,-0.2,,6.94422e-310,6.94422e-310,1.4822e-323,-1,-1,-2.3,,254.33,288.261,1.58824,4.91103,91.415,3.4,,6.94422e-310,6.94422e-310,1.4822e-323,-1,-1,-6.5,,6.94422e-310,6.94422e-310,1.4822e-323,-1,-1,-8.6,,6.94422e-310,6.94422e-310,1.4822e-323,-1,-1,-10.7,,
Normal,215.33,,4,4,254.639,290.927,1.54054,3.7,0.537369,254.206,303.002,,6.94422e-310,6.94422e-310,1.4822e-323,5,89.825,1.9,,6.94422e-310,6.94422e-310,1.4822e-323,4.5,90.75,-0.2,,6.94422e-310,6.94422e-310,1.4822e-323,-1,-1,-2.3,,254.639,290.927,1.54054,4.96088,90.6575,3.7,,6.94422e-310,6.94422e-310,1.4822e-323,-1,-1,-6.5,,6.94422e-310,6.94422e-310,1.4822e-323,-1,-1,-8.6,,6.94422e-310,6.94422e-310,1.4822e-323,-1,-1,-10.7,,
Normal,220.201,,4,4,261.457,300.065,1.51282,3.9,0.342538,254.206,303.002,,6.94422e-310,6.94422e-310,1.4822e-323,5,89.275,1.9,,6.94422e-310,6.94422e-310,1.4822e-323,4.5,90.25,-0.2,,6.94422e-310,6.94422e-310,1.4822e-323,-1,-1,-2.3,,261.457,300.065,1.51282,5.13219,90.1525,3.9,,6.94422e-310,6.94422e-310,1.4822e-323,-1,-1,-6.5,,6.94422e-310,6.94422e-310,1.4822e-323,-1,-1,-8.6,,6.94422e-310,6.94422e-310,1.4822e-323,-1,-1,-10.7,,
Normal,225.268,,4,4,254.351,286.755,1.625,3.2,0.289804,254.206,303.002,,6.94422e-310,6.94422e-310,1.4822e-323,5,93.6,1.9,,6.94422e-310,6.94422e-310,1.4822e-323,4.5,92,-0.2,,6.94422e-310,6.94422e-310,1.4822e-323,-1,-1,-2.3,,254.351,286.755,1.625,4.88289,91.92,3.2,,6.94422e-310,6.94422e-310,1.4822e-323,-1,-1,-6.5,,6.94422e-310,6.94422e-310,1.4822e-323,-1,-1,-8.6,,6.94422e-310,6.94422e-310,1.4822e-323,-1,-1,-10.7,,
Normal,230.601,,4,4,254.675,289.411,1.57143,3.5,0.554647,254.206,303.002,,6.94422e-310,6.94422e-310,1.4822e-323,5,93,1.9,,6.94422e-310,6.94422e-310,1.4822e-323,4.5,91.25,-0.2,,6.94422e-310,6.94422e-310,1.4822e-323,-1,-1,-2.3,,254.675,289.411,1.57143,4.93252,91.1625,3.5,,6.94422e-310,6.94422e-310,1.4822e-323,-1,-1,-6.5,,6.94422e-310,6.94422e-310,1.4822e-323,-1,-1,-8.6,,6.94422e-310,6.94422e-310,1.4822e-323,-1,-1,-10.7,,
Normal,235.376,,4,4,254.394,289.102,1.57143,3.5,0.254094,254.206,303.002,,6.94422e-310,6.94422e-310,1.4822e-323,5,93,1.9,,6.94422e-310,6.94422e-310,1.4822e-323,4.5,91.25,-0.2,,6.94422e-310,6.94422e-310,1.4822e-323,-1,-1,-2.3,,254.394,289.102,1.57143,4.92674,91.1625,3.5,,6.94422e-310,6.94422e-310,1.4822e-323,-1,-1,-6.5,,6.94422e-310,6.94422e-310,1.4822e-323,-1,-1,-8.6,,6.94422e-310,6.94422e-310,1.4822e-323,-1,-1,-10.7,,
Normal,240.406,,4,4,262.867,301.63,1.51282,3.9,0.246478,254.206,303.002,,6.94422e-310,6.94422e-310,1.4822e-323,5,89.275,1.9,,6.94422e-310,6.94422e-310,1.4822e-323,4.5,90.25,-0.2,,6.94422e-310,6.94422e-310,1.4822e-323,-1,-1,-2.3,,262.867,301.63,1.51282,5.16158,90.1525,3.9,,6.94422e-310,6.94422e-310,1.4822e-323,-1,-1,-6.5,,6.94422e-310,6.94422e-310,1.4822e-323,-1,-1,-8.6,,6.94422e-310,6.94422e-310,1.4822e-323,-1,-1,-10.7,,
Normal,245.457,,4,4,254.777,281.277,1.76923,2.6,0.27792,254.206,303.002,,6.94422e-310,6.94422e-310,1.4822e-323,5,94.8,1.9,,6.94422e-310,6.94422e-310,1.4822e-323,4.5,96.5333,-0.2,,6.94422e-310,6.94422e-310,1.4822e-323,-1,-1,-2.3,,254.777,281.277,1.76923,4.7807,93.9333,2.6,,6.94422e-310,6.94422e-310,1.4822e-323,-1,-1,-6.5,,6.94422e-310,6.94422e-310,1.4822e-323,-1,-1,-8.6,,6.94422e-310,6.94422e-310,1.4822e-323,-1,-1,-10.7,,
Normal,250.504,,4,4,261.796,300.441,1.51282,3.9,0.265318,254.206,303.002,,6.94422e-310,6.94422e-310,1.4822e-323,5,89.275,1.9,,6.94422e-310,6.94422e-310,1.4822e-323,4.5,90.25,-0.2,,6.94422e-310,6.94422e-310,1.4822e-323,-1,-1,-2.3,,261.796,300.441,1.51282,5.13924,90.1525,3.9,,6.94422e-310,6.94422e-310,1.4822e-323,-1,-1,-6.5,,6.94422e-310,6.94422e-310,1.4822e-323,-1,-1,-8.6,,6.94422e-310,6.94422e-310,1.4822e-323,-1,-1,-10.7,,
Normal,255.585,,4,4,254.423,290.689,1.54054,3.7,0.302464,254.206,303.002,,6.94422e-310,6.94422e-310,1.4822e-323,5,89.825,1.9,,6.94422e-310,6.94422e-310,1.4822e-323,4.5,90.75,-0.2,,6.94422e-310,6.94422e-310,1.4822e-323,-1,-1,-2.3,,254.423,290.689,1.54054,4.95642,90.6575,3.7,,6.94422e-310,6.94422e-310,1.4822e-323,-1,-1,-6.5,,6.94422e-310,6.94422e-310,1.4822e-323,-1,-1,-8.6,,6.94422e-310,6.94422e-310,1.4822e-323,-1,-1,-10.7,,
Normal,260.671,,4,4,254.854,288.835,1.58824,3.4,0.308444,254.206,303.002,,6.94422e-310,6.94422e-310,1.4822e-323,5,93.2,1.9,,6.94422e-310,6.94422e-310,1.4822e-323,4.5,91.5,-0.2,,6.94422e-310,6.94422e-310,1.4822e-323,-1,-1,-2.3,,254.854,288.835,1.58824,4.92175,91.415,3.4,,6.94422e-310,6.94422e-310,1.4822e-323,-1,-1,-6.5,,6.94422e-310,6.94422e-310,1.4822e-323,-1,-1,-8.6,,6.94422e-310,6.94422e-310,1.4822e-323,-1,-1,-10.7,,
Normal,265.86,,4,4,254.704,288.67,1.58824,3.4,0.41531,254.206,303.002,,6.94422e-310,6.94422e-310,1.4822e-323,5,93.2,1.9,,6.94422e-310,6.94422e-310,1.4822e-323,4.5,91.5,-0.2,,6.94422e-310,6.94422e-310,1.4822e-323,-1,-1,-2.3,,254.704,288.67,1.58824,4.91868,91.415,3.4,,6.94422e-310,6.94422e-310,1.4822e-323,-1,-1,-6.5,,6.94422e-310,6.94422e-310,1.4822e-323,-1,-1,-8.6,,6.94422e-310,6.94422e-310,1.4822e-323,-1,-1,-10.7,,
Normal,270.992,,4,4,255.24,293.168,1.51282,3.9,0.350444,254.206,303.002,,6.94422e-310,6.94422e-310,1.4822e-323,5,89.275,1.9,,6.94422e-310,6.94422e-310,1.4822e-323,4.5,90.25,-0.2,,6.94422e-310,6.94422e-310,1.4822e-323,-1,-1,-2.3,,255.24,293.168,1.51282,5.00283,90.1525,3.9,,6.94422e-310,6.94422e-310,1.4822e-323,-1,-1,-6.5,,6.94422e-310,6.94422e-310,1.4822e-323,-1,-1,-8.6,,6.94422e-310,6.94422e-310,1.4822e-323,-1,-1,-10.7,,
Normal,276.068,,4,4,254.77,286.452,1.64516,3.1,0.300808,254.206,303.002,,6.94422e-310,6.94422e-310,1.4822e-323,5,93.8,1.9,,6.94422e-310,6.94422e-310,1.4822e-323,4.5,92.25,-0.2,,6.94422e-310,6.94422e-310,1.4822e-323,-1,-1,-2.3,,254.77,286.452,1.64516,4.87723,92.1725,3.1,,6.94422e-310,6.94422e-310,1.4822e-323,-1,-1,-6.5,,6.94422e-310,6.94422e-310,1.4822e-323,-1,-1,-8.6,,6.94422e-310,6.94422e-310,1.4822e-323,-1,-1,-10.7,,
Normal,281.202,,4,4,260.693,299.218,1.51282,3.9,0.35299,254.206,303.002,,6.94422e-310,6.94422e-310,1.4822e-323,5,89.275,1.9,,6.94422e-310,6.94422e-310,1.4822e-323,4.5,90.25,-0.2,,6.94422e-310,6.94422e-310,1.4822e-323,-1,-1,-2.3,,260.693,299.218,1.51282,5.11627,90.1525,3.9,,6.94422e-310,6.94422e-310,1.4822e-323,-1,-1,-6.5,,6.94422e-310,6.94422e-310,1.4822e-323,-1,-1,-8.6,,6.94422e-310,6.94422e-310,1.4822e-323,-1,-1,-10.7,,
Normal,286.277,,4,4,254.477,286.134,1.64516,3.1,0.296552,254.206,303.002,,6.94422e-310,6.94422e-310,1.4822e-323,5,93.8,1.9,,6.94422e-310,6.94422e-310,1.4822e-323,4.5,92.25,-0.2,,6.94422e-310,6.94422e-310,1.4822e-323,-1,-1,-2.3,,254.477,286.134,1.64516,4.87129,92.1725,3.1,,6.94422e-310,6.94422e-310,1.4822e-323,-1,-1,-6.5,,6.94422e-310,6.94422e-310,1.4822e-323,-1,-1,-8.6,,6.94422e-310,6.94422e-310,1.4822e-323,-1,-1,-10.7,,
Normal,291.408,,4,4,254.738,289.48,1.57143,3.5,0.359066,254.206,303.002,,6.94422e-310,6.94422e-310,1.4822e-323,5,93,1.9,,6.94422e-310,6.94422e-310,1.4822e-323,4.5,91.25,-0.2,,6.94422e-310,6.94422e-310,1.4822e-323,-1,-1,-2.3,,254.738,289.48,1.57143,4.93381,91.1625,3.5,,6.94422e-310,6.94422e-310,1.4822e-323,-1,-1,-6.5,,6.94422e-310,6.94422e-310,1.4822e-323,-1,-1,-8.6,,6.94422e-310,6.94422e-310,1.4822e-323,-1,-1,-10.7,,
Normal,296.482,,4,4,258.019,296.25,1.51282,3.9,0.295226,254.206,303.002,,6.94422e-310,6.94422e-310,1.4822e-323,5,89.275,1.9,,6.94422e-310,6.94422e-310,1.4822e-323,4.5,90.25,-0.2,,6.94422e-310,6.94422e-310,1.4822e-323,-1,-1,-2.3,,258.019,296.25,1.51282,5.06059,90.1525,3.9,,6.94422e-310,6.94422e-310,1.4822e-323,-1,-1,-6.5,,6.94422e-310,6.94422e-310,1.4822e-323,-1,-1,-8.6,,6.94422e-310,6.94422e-310,1.4822e-323,-1,-1,-10.7,,
Normal,301.58,,4,4,254.865,288.847,1.58824,3.4,0.314397,254.206,303.002,,6.94422e-310,6.94422e-310,1.4822e-323,5,93.2,1.9,,6.94422e-310,6.94422e-310,1.4822e-323,4.5,91.5,-0.2,,6.94422e-310,6.94422e-310,1.4822e-323,-1,-1,-2.3,,254.865,288.847,1.58824,4.92198,91.415,3.4,,6.94422e-310,6.94422e-310,1.4822e-323,-1,-1,-6.5,,6.94422e-310,6.94422e-310,1.4822e-323,-1,-1,-8.6,,6.94422e-310,6.94422e-310,1.4822e-323,-1,-1,-10.7,,
Normal,306.777,,4,4,254.342,288.275,1.58824,3.4,0.422358,254.206,303.002,,6.94422e-310,6.94422e-310,1.4822e-323,5,93.2,1.9,,6.94422e-310,6.94422e-310,1.4822e-323,4.5,91.5,-0.2,,6.94422e-310,6.94422e-310,1.4822e-323,-1,-1,-2.3,,254.342,288.275,1.58824,4.91128,91.415,3.4,,6.94422e-310,6.94422e-310,1.4822e-323,-1,-1,-6.5,,6.94422e-310,6.94422e-310,1.4822e-323,-1,-1,-8.6,,6.94422e-310,6.94422e-310,1.4822e-323,-1,-1,-10.7,,
Normal,311.855,,4,4,255.029,292.933,1.51282,3.9,0.297116,254.206,303.002,,6.94422e-310,6.94422e-310,1.4822e-323,5,89.275,1.9,,6.94422e-310,6.94422e-310,1.4822e-323,4.5,90.25,-0.2,,6.94422e-310,6.94422e-310,1.4822e-323,-1,-1,-2.3,,255.029,292.933,1.51282,4.99843,90.1525,3.9,,6.94422e-310,6.94422e-310,1.4822e-323,-1,-1,-6.5,,6.94422e-310,6.94422e-310,1.4822e-323,-1,-1,-8.6,,6.94422e-310,6.94422e-310,1.4822e-323,-1,-1,-10.7,,
Normal,316.907,,4,4,260.977,299.532,1.51282,3.9,0.273004,254.206,303.002,,6.94422e-310,6.94422e-310,1.4822e-323,5,89.275,1.9,,6.94422e-310,6.94422e-310,1.4822e-323,4.5,90.25,-0.2,,6.94422e-310,6.94422e-310,1.4822e-323,-1,-1,-2.3,,260.977,299.532,1.51282,5.12217,90.1525,3.9,,6.94422e-310,6.94422e-310,1.4822e-323,-1,-1,-6.5,,6.94422e-310,6.94422e-310,1.4822e-323,-1,-1,-8.6,,6.94422e-310,6.94422e-310,1.4822e-323,-1,-1,-10.7,,
Normal,322.062,,4,4,254.222,288.143,1.58824,3.4,0.335939,254.206,303.002,,6.94422e-310,6.94422e-310,1.4822e-323,5,93.2,1.9,,6.94422e-310,6.94422e-310,1.4822e-323,4.5,91.5,-0.2,,6.94422e-310,6.94422e-310,1.4822e-323,-1,-1,-2.3,,254.222,288.143,1.58824,4.90883,91.415,3.4,,6.94422e-310,6.94422e-310,1.4822e-323,-1,-1,-6.5,,6.94422e-310,6.94422e-310,1.4822e-323,-1,-1,-8.6,,6.94422e-310,6.94422e-310,1.4822e-323,-1,-1,-10.7,,
Normal,327.134,,4,4,254.577,287.001,1.625,3.2,0.292256,254.206,303.002,,6.94422e-310,6.94422e-310,1.4822e-323,5,93.6,1.9,,6.94422e-310,6.94422e-310,1.4822e-323,4.5,92,-0.2,,6.94422e-310,6.94422e-310,1.4822e-323,-1,-1,-2.3,,254.577,287.001,1.625,4.88749,91.92,3.2,,6.94422e-310,6.94422e-310,1.4822e-323,-1,-1,-6.5,,6.94422e-310,6.94422e-310,1.4822e-323,-1,-1,-8.6,,6.94422e-310,6.94422e-310,1.4822e-323,-1,-1,-10.7,,
Normal,332.236,,4,4,254.224,288.916,1.57143,3.5,0.317306,254.206,303.002,,6.94422e-310,6.94422e-310,1.4822e-323,5,93,1.9,,6.94422e-310,6.94422e-310,1.4822e-323,4.5,91.25,-0.2,,6.94422e-310,6.94422e-310,1.4822e-323,-1,-1,-2.3,,254.224,288.916,1.57143,4.92327,91.1625,3.5,,6.94422e-310,6.94422e-310,1.4822e-323,-1,-1,-6.5,,6.94422e-310,6.94422e-310,1.4822e-323,-1,-1,-8.6,,6.94422e-310,6.94422e-310,1.4822e-323,-1,-1,-10.7,,
Normal,337.297,,4,4,260.142,298.606,1.51282,3.9,0.284176,254.206,303.002,,6.94422e-310,6.94422e-310,1.4822e-323,5,89.275,1.9,,6.94422e-310,6.94422e-310,1.4822e-323,4.5,90.25,-0.2,,6.94422e-310,6.94422e-310,1.4822e-323,-1,-1,-2.3,,260.142,298.606,1.51282,5.10478,90.1525,3.9,,6.94422e-310,6.94422e-310,1.4822e-323,-1,-1,-6.5,,6.94422e-310,6.94422e-310,1.4822e-323,-1,-1,-8.6,,6.94422e-310,6.94422e-310,1.4822e-323,-1,-1,-10.7,,
Normal,342.344,,4,4,254.438,289.926,1.55556,3.6,0.273209,254.206,303.002,,6.94422e-310,6.94422e-310,1.4822e-323,5,90.1,1.9,,6.94422e-310,6.94422e-310,1.4822e-323,4.5,91,-0.2,,6.94422e-310,6.94422e-310,1.4822e-323,-1,-1,-2.3,,254.438,289.926,1.55556,4.94216,90.91,3.6,,6.94422e-310,6.94422e-310,1.4822e-323,-1,-1,-6.5,,6.94422e-310,6.94422e-310,1.4822e-323,-1,-1,-8.6,,6.94422e-310,6.94422e-310,1.4822e-323,-1,-1,-10.7,,
Normal,347.444,,4,4,254.877,290.409,1.55556,3.6,0.323308,254.206,303.002,,6.94422e-310,6.94422e-310,1.4822e-323,5,90.1,1.9,,6.94422e-310,6.94422e-310,1.4822e-323,4.5,91,-0.2,,6.94422e-310,6.94422e-310,1.4822e-323,-1,-1,-2.3,,254.877,290.409,1.55556,4.95118,90.91,3.6,,6.94422e-310,6.94422e-310,1.4822e-323,-1,-1,-6.5,,6.94422e-310,6.94422e-310,1.4822e-323,-1,-1,-8.6,,6.94422e-310,6.94422e-310,1.4822e-323,-1,-1,-10.7,,
Normal,352.503,,4,4,254.544,287.728,1.60606,3.3,0.281638,254.206,303.002,,6.94422e-310,6.94422e-310,1.4822e-323,5,93.4,1.9,,6.94422e-310,6.94422e-310,1.4822e-323,4.5,91.75,-0.2,,6.94422e-310,6.94422e-310,1.4822e-323,-1,-1,-2.3,,254.544,287.728,1.60606,4.90107,91.6675,3.3,,6.94422e-310,6.94422e-310,1.4822e-323,-1,-1,-6.5,,6.94422e-310,6.94422e-310,1.4822e-323,-1,-1,-8.6,,6.94422e-310,6.94422e-310,1.4822e-323,-1,-1,-10.7,,
Normal,357.595,,4,4,254.87,289.625,1.57143,3.5,0.30938,254.206,303.002,,6.94422e-310,6.94422e-310,1.4822e-323,5,93,1.9,,6.94422e-310,6.94422e-310,1.4822e-323,4.5,91.25,-0.2,,6.94422e-310,6.94422e-310,1.4822e-323,-1,-1,-2.3,,254.87,289.625,1.57143,4.93652,91.1625,3.5,,6.94422e-310,6.94422e-310,1.4822e-323,-1,-1,-6.5,,6.94422e-310,6.94422e-310,1.4822e-323,-1,-1,-8.6,,6.94422e-310,6.94422e-310,1.4822e-323,-1,-1,-10.7,,
Normal,363.033,,4,4,254.453,287.629,1.60606,3.3,0.645061,254.206,303.002,,6.94422e-310,6.94422e-310,1.4822e-323,5,93.4,1.9,,6.94422e-310,6.94422e-310,1.4822e-323,4.5,91.75,-0.2,,6.94422e-310,6.94422e-310,1.4822e-323,-1,-1,-2.3,,254.453,287.629,1.60606,4.89922,91.6675,3.3,,6.94422e-310,6.94422e-310,1.4822e-323,-1,-1,-6.5,,6.94422e-310,6.94422e-310,1.4822e-323,-1,-1,-8.6,,6.94422e-310,6.94422e-310,1.4822e-323,-1,-1,-10.7,,
Normal,368.053,,4,4,256.247,294.285,1.51282,3.9,0.488834,254.206,303.002,,6.94422e-310,6.94422e-310,1.4822e-323,5,89.275,1.9,,6.94422e-310,6.94422e-310,1.4822e-323,4.5,90.25,-0.2,,6.94422e-310,6.94422e-310,1.4822e-323,-1,-1,-2.3,,256.247,294.285,1.51282,5.02375,90.1525,3.9,,6.94422e-310,6.94422e-310,1.4822e-323,-1,-1,-6.5,,6.94422e-310,6.94422e-310,1.4822e-323,-1,-1,-8.6,,6.94422e-310,6.94422e-310,1.4822e-323,-1,-1,-10.7,,
Normal,372.835,,4,4,254.865,291.962,1.52632,3.8,0.25187,254.206,303.002,,6.94422e-310,6.94422e-310,1.4822e-323,5,89.55,1.9,,6.94422e-310,6.94422e-310,1.4822e-323,4.5,90.5,-0.2,,6.94422e-310,6.94422e-310,1.4822e-323,-1,-1,-2.3,,254.865,291.962,1.52632,4.98025,90.405,3.8,,6.94422e-310,6.94422e-310,1.4822e-323,-1,-1,-6.5,,6.94422e-310,6.94422e-310,1.4822e-323,-1,-1,-8.6,,6.94422e-310,6.94422e-310,1.4822e-323,-1,-1,-10.7,,
Normal,378.372,,4,4,254.319,291.357,1.52632,3.8,0.756376,254.206,303.002,,6.94422e-310,6.94422e-310,1.4822e-323,5,89.55,1.9,,6.94422e-310,6.94422e-310,1.4822e-323,4.5,90.5,-0.2,,6.94422e-310,6.94422e-310,1.4822e-323,-1,-1,-2.3,,254.319,291.357,1.52632,4.96893,90.405,3.8,,6.94422e-310,6.94422e-310,1.4822e-323,-1,-1,-6.5,,6.94422e-310,6.94422e-310,1.4822e-323,-1,-1,-8.6,,6.94422e-310,6.94422e-310,1.4822e-323,-1,-1,-10.7,,
Normal,383.045,,4,4,254.767,291.069,1.54054,3.7,0.390886,254.206,303.002,,6.94422e-310,6.94422e-310,1.4822e-323,5,89.825,1.9,,6.94422e-310,6.94422e-310,1.4822e-323,4.5,90.75,-0.2,,6.94422e-310,6.94422e-310,1.4822e-323,-1,-1,-2.3,,254.767,291.069,1.54054,4.96353,90.6575,3.7,,6.94422e-310,6.94422e-310,1.4822e-323,-1,-1,-6.5,,6.94422e-310,6.94422e-310,1.4822e-323,-1,-1,-8.6,,6.94422e-310,6.94422e-310,1.4822e-323,-1,-1,-10.7,,
Normal,388.698,,4,4,256.162,294.191,1.51282,3.9,0.869495,254.206,303.002,,6.94422e-310,6.94422e-310,1.4822e-323,5,89.275,1.9,,6.94422e-310,6.94422e-310,1.4822e-323,4.5,90.25,-0.2,,6.94422e-310,6.94422e-310,1.4822e-323,-1,-1,-2.3,,256.162,294.191,1.51282,5.02199,90.1525,3.9,,6.94422e-310,6.94422e-310,1.4822e-323,-1,-1,-6.5,,6.94422e-310,6.94422e-310,1.4822e-323,-1,-1,-8.6,,6.94422e-310,6.94422e-310,1.4822e-323,-1,-1,-10.7,,
Normal,393.247,,4,4,256.207,285.537,1.66667,3,0.27394,254.206,303.002,,6.94422e-310,6.94422e-310,1.4822e-323,5,94,1.9,,6.94422e-310,6.94422e-310,1.4822e-323,4.5,96,-0.2,,6.94422e-310,6.94422e-310,1.4822e-323,-1,-1,-2.3,,256.207,285.537,1.66667,4.86015,93,3,,6.94422e-310,6.94422e-310,1.4822e-323,-1,-1,-6.5,,6.94422e-310,6.94422e-310,1.4822e-323,-1,-1,-8.6,,6.94422e-310,6.94422e-310,1.4822e-323,-1,-1,-10.7,,
Normal,398.462,,4,4,254.655,290.164,1.55556,3.6,0.434656,254.206,303.002,,6.94422e-310,6.94422e-310,1.4822e-323,5,90.1,1.9,,6.94422e-310,6.94422e-310,1.4822e-323,4.5,91,-0.2,,6.94422e-310,6.94422e-310,1.4822e-323,-1,-1,-2.3,,254.655,290.164,1.55556,4.94661,90.91,3.6,,6.94422e-310,6.94422e-310,1.4822e-323,-1,-1,-6.5,,6.94422e-310,6.94422e-310,1.4822e-323,-1,-1,-8.6,,6.94422e-310,6.94422e-310,1.4822e-323,-1,-1,-10.7,,
Normal,403.847,,4,4,254.402,292.238,1.51282,3.9,0.604998,254.206,303.002,,6.94422e-310,6.94422e-310,1.4822e-323,5,89.275,1.9,,6.94422e-310,6.94422e-310,1.4822e-323,4.5,90.25,-0.2,,6.94422e-310,6.94422e-310,1.4822e-323,-1,-1,-2.3,,254.402,292.238,1.51282,4.98541,90.1525,3.9,,6.94422e-310,6.94422e-310,1.4822e-323,-1,-1,-6.5,,6.94422e-310,6.94422e-310,1.4822e-323,-1,-1,-8.6,,6.94422e-310,6.94422e-310,1.4822e-323,-1,-1,-10.7,,
Normal,408.782,,4,4,254.346,285.991,1.64516,3.1,0.404648,254.206,303.002,,6.94422e-310,6.94422e-310,1.4822e-323,5,93.8,1.9,,6.94422e-310,6.94422e-310,1.4822e-323,4.5,92.25,-0.2,,6.94422e-310,6.94422e-310,1.4822e-323,-1,-1,-2.3,,254.346,285.991,1.64516,4.86863,92.1725,3.1,,6.94422e-310,6.94422e-310,1.4822e-323,-1,-1,-6.5,,6.94422e-310,6.94422e-310,1.4822e-323,-1,-1,-8.6,,6.94422e-310,6.94422e-310,1.4822e-323,-1,-1,-10.7,,
Normal,414.24,,4,4,255.744,293.727,1.51282,3.9,0.6762,254.206,303.002,,6.94422e-310,6.94422e-310,1.4822e-323,5,89.275,1.9,,6.94422e-310,6.94422e-310,1.4822e-323,4.5,90.25,-0.2,,6.94422e-310,6.94422e-310,1.4822e-323,-1,-1,-2.3,,255.744,293.727,1.51282,5.01329,90.1525,3.9,,6.94422e-310,6.94422e-310,1.4822e-323,-1,-1,-6.5,,6.94422e-310,6.94422e-310,1.4822e-323,-1,-1,-8.6,,6.94422e-310,6.94422e-310,1.4822e-323,-1,-1,-10.7,,
Normal,419.449,,4,4,254.326,292.153,1.51282,3.9,0.669106,254.206,303.002,,6.94422e-310,6.94422e-310,1.4822e-323,5,89.275,1.9,,6.94422e-310,6.94422e-310,1.4822e-323,4.5,90.25,-0.2,,6.94422e-310,6.94422e-310,1.4822e-323,-1,-1,-2.3,,254.326,292.153,1.51282,4.98383,90.1525,3.9,,6.94422e-310,6.94422e-310,1.4822e-323,-1,-1,-6.5,,6.94422e-310,6.94422e-310,1.4822e-323,-1,-1,-8.6,,6.94422e-310,6.94422e-310,1.4822e-323,-1,-1,-10.7,,
Normal,424.511,,4,4,255.052,292.959,1.51282,3.9,0.529191,254.206,303.002,,6.94422e-310,6.94422e-310,1.4822e-323,5,89.275,1.9,,6.94422e-310,6.94422e-310,1.4822e-323,4.5,90.25,-0.2,,6.94422e-310,6.94422e-310,1.4822e-323,-1,-1,-2.3,,255.052,292.959,1.51282,4.99892,90.1525,3.9,,6.94422e-310,6.94422e-310,1.4822e-323,-1,-1,-6.5,,6.94422e-310,6.94422e-310,1.4822e-323,-1,-1,-8.6,,6.94422e-310,6.94422e-310,1.4822e-323,-1,-1,-10.7,,
Normal,429.456,,4,4,254.424,289.91,1.55556,3.6,0.415584,254.206,303.002,,6.94422e-310,6.94422e-310,1.4822e-323,5,90.1,1.9,,6.94422e-310,6.94422e-310,1.4822e-323,4.5,91,-0.2,,6.94422e-310,6.94422e-310,1.4822e-323,-1,-1,-2.3,,254.424,289.91,1.55556,4.94186,90.91,3.6,,6.94422e-310,6.94422e-310,1.4822e-323,-1,-1,-6.5,,6.94422e-310,6.94422e-310,1.4822e-323,-1,-1,-8.6,,6.94422e-310,6.94422e-310,1.4822e-323,-1,-1,-10.7,,
Normal,435.107,,4,4,255.187,293.108,1.51282,3.9,0.869283,254.206,303.002,,6.94422e-310,6.94422e-310,1.4822e-323,5,89.275,1.9,,6.94422e-310,6.94422e-310,1.4822e-323,4.5,90.25,-0.2,,6.94422e-310,6.94422e-310,1.4822e-323,-1,-1,-2.3,,255.187,293.108,1.51282,5.00171,90.1525,3.9,,6.94422e-310,6.94422e-310,1.4822e-323,-1,-1,-6.5,,6.94422e-310,6.94422e-310,1.4822e-323,-1,-1,-8.6,,6.94422e-310,6.94422e-310,1.4822e-323,-1,-1,-10.7,,
Normal,439.905,,4,4,256.251,285.585,1.66667,3,0.523474,254.206,303.002,,6.94422e-310,6.94422e-310,1.4822e-323,5,94,1.9,,6.94422e-310,6.94422e-310,1.4822e-323,4.5,96,-0.2,,6.94422e-310,6.94422e-310,1.4822e-323,-1,-1,-2.3,,256.251,285.585,1.66667,4.86104,93,3,,6.94422e-310,6.94422e-310,1.4822e-323,-1,-1,-6.5,,6.94422e-310,6.94422e-310,1.4822e-323,-1,-1,-8.6,,6.94422e-310,6.94422e-310,1.4822e-323,-1,-1,-10.7,,
Normal,444.731,,4,4,254.503,289.997,1.55556,3.6,0.291452,254.206,303.002,,6.94422e-310,6.94422e-310,1.4822e-323,5,90.1,1.9,,6.94422e-310,6.94422e-310,1.4822e-323,4.5,91,-0.2,,6.94422e-310,6.94422e-310,1.4822e-323,-1,-1,-2.3,,254.503,289.997,1.55556,4.94348,90.91,3.6,,6.94422e-310,6.94422e-310,1.4822e-323,-1,-1,-6.5,,6.94422e-310,6.94422e-310,1.4822e-323,-1,-1,-8.6,,6.94422e-310,6.94422e-310,1.4822e-323,-1,-1,-10.7,,
Normal,449.918,,4,4,260.865,299.408,1.51282,3.9,0.401968,254.206,303.002,,6.94422e-310,6.94422e-310,1.4822e-323,5,89.275,1.9,,6.94422e-310,6.94422e-310,1.4822e-323,4.5,90.25,-0.2,,6.94422e-310,6.94422e-310,1.4822e-323,-1,-1,-2.3,,260.865,299.408,1.51282,5.11985,90.1525,3.9,,6.94422e-310,6.94422e-310,1.4822e-323,-1,-1,-6.5,,6.94422e-310,6.94422e-310,1.4822e-323,-1,-1,-8.6,,6.94422e-310,6.94422e-310,1.4822e-323,-1,-1,-10.7,,
Normal,455.013,,4,4,254.841,283.382,1.68966,2.9,0.30936,254.206,303.002,,6.94422e-310,6.94422e-310,1.4822e-323,5,94.2,1.9,,6.94422e-310,6.94422e-310,1.4822e-323,4.5,96.1333,-0.2,,6.94422e-310,6.94422e-310,1.4822e-323,-1,-1,-2.3,,254.841,283.382,1.68966,4.81994,93.2333,2.9,,6.94422e-310,6.94422e-310,1.4822e-323,-1,-1,-6.5,,6.94422e-310,6.94422e-310,1.4822e-323,-1,-1,-8.6,,6.94422e-310,6.94422e-310,1.4822e-323,-1,-1,-10.7,,
Normal,460.068,,4,4,260.44,298.937,1.51282,3.9,0.277569,254.206,303.002,,6.94422e-310,6.94422e-310,1.4822e-323,5,89.275,1.9,,6.94422e-310,6.94422e-310,1.4822e-323,4.5,90.25,-0.2,,6.94422e-310,6.94422e-310,1.4822e-323,-1,-1,-2.3,,260.44,298.937,1.51282,5.111,90.1525,3.9,,6.94422e-310,6.94422e-310,1.4822e-323,-1,-1,-6.5,,6.94422e-310,6.94422e-310,1.4822e-323,-1,-1,-8.6,,6.94422e-310,6.94422e-310,1.4822e-323,-1,-1,-10.7,,
Normal,465.282,,4,4,254.515,290.011,1.55556,3.6,0.434718,254.206,303.002,,6.94422e-310,6.94422e-310,1.4822e-323,5,90.1,1.9,,6.94422e-310,6.94422e-310,1.4822e-323,4.5,91,-0.2,,6.94422e-310,6.94422e-310,1.4822e-323,-1,-1,-2.3,,254.515,290.011,1.55556,4.94374,90.91,3.6,,6.94422e-310,6.94422e-310,1.4822e-323,-1,-1,-6.5,,6.94422e-310,6.94422e-310,1.4822e-323,-1,-1,-8.6,,6.94422e-310,6.94422e-310,1.4822e-323,-1,-1,-10.7,,
Normal,470.402,,4,4,254.332,292.16,1.51282,3.9,0.338016,254.206,303.002,,6.94422e-310,6.94422e-310,1.4822e-323,5,89.275,1.9,,6.94422e-310,6.94422e-310,1.4822e-323,4.5,90.25,-0.2,,6.94422e-310,6.94422e-310,1.4822e-323,-1,-1,-2.3,,254.332,292.16,1.51282,4.98395,90.1525,3.9,,6.94422e-310,6.94422e-310,1.4822e-323,-1,-1,-6.5,,6.94422e-310,6.94422e-310,1.4822e-323,-1,-1,-8.6,,6.94422e-310,6.94422e-310,1.4822e-323,-1,-1,-10.7,,
Normal,475.475,,4,4,254.441,286.853,1.625,3.2,0.29338,254.206,303.002,,6.94422e-310,6.94422e-310,1.4822e-323,5,93.6,1.9,,6.94422e-310,6.94422e-310,1.4822e-323,4.5,92,-0.2,,6.94422e-310,6.94422e-310,1.4822e-323,-1,-1,-2.3,,254.441,286.853,1.625,4.88473,91.92,3.2,,6.94422e-310,6.94422e-310,1.4822e-323,-1,-1,-6.5,,6.94422e-310,6.94422e-310,1.4822e-323,-1,-1,-8.6,,6.94422e-310,6.94422e-310,1.4822e-323,-1,-1,-10.7,,
Normal,480.561,,4,4,254.675,289.41,1.57143,3.5,0.309157,254.206,303.002,,6.94422e-310,6.94422e-310,1.4822e-323,5,93,1.9,,6.94422e-310,6.94422e-310,1.4822e-323,4.5,91.25,-0.2,,6.94422e-310,6.94422e-310,1.4822e-323,-1,-1,-2.3,,254.675,289.41,1.57143,4.93251,91.1625,3.5,,6.94422e-310,6.94422e-310,1.4822e-323,-1,-1,-6.5,,6.94422e-310,6.94422e-310,1.4822e-323,-1,-1,-8.6,,6.94422e-310,6.94422e-310,1.4822e-323,-1,-1,-10.7,,
Normal,485.616,,4,4,260.181,298.649,1.51282,3.9,0.271816,254.206,303.002,,6.94422e-310,6.94422e-310,1.4822e-323,5,89.275,1.9,,6.94422e-310,6.94422e-310,1.4822e-323,4.5,90.25,-0.2,,6.94422e-310,6.94422e-310,1.4822e-323,-1,-1,-2.3,,260.181,298.649,1.51282,5.1056,90.1525,3.9,,6.94422e-310,6.94422e-310,1.4822e-323,-1,-1,-6.5,,6.94422e-310,6.94422e-310,1.4822e-323,-1,-1,-8.6,,6.94422e-310,6.94422e-310,1.4822e-323,-1,-1,-10.7,,
Normal,491.004,,4,4,254.841,289.593,1.57143,3.5,0.596158,254.206,303.002,,6.94422e-310,6.94422e-310,1.4822e-323,5,93,1.9,,6.94422e-310,6.94422e-310,1.4822e-323,4.5,91.25,-0.2,,6.94422e-310,6.94422e-310,1.4822e-323,-1,-1,-2.3,,254.841,289.593,1.57143,4.93592,91.1625,3.5,,6.94422e-310,6.94422e-310,1.4822e-323,-1,-1,-6.5,,6.94422e-310,6.94422e-310,1.4822e-323,-1,-1,-8.6,,6.94422e-310,6.94422e-310,1.4822e-323,-1,-1,-10.7,,
Normal,496.187,,4,4,254.669,286.342,1.64516,3.1,0.65258,254.206,303.002,,6.94422e-310,6.94422e-310,1.4822e-323,5,93.8,1.9,,6.94422e-310,6.94422e-310,1.4822e-323,4.5,92.25,-0.2,,6.94422e-310,6.94422e-310,1.4822e-323,-1,-1,-2.3,,254.669,286.342,1.64516,4.87518,92.1725,3.1,,6.94422e-310,6.94422e-310,1.4822e-323,-1,-1,-6.5,,6.94422e-310,6.94422e-310,1.4822e-323,-1,-1,-8.6,,6.94422e-310,6.94422e-310,1.4822e-323,-1,-1,-10.7,,
Normal,501.153,,4,4,256.175,294.205,1.51282,3.9,0.439992,254.206,303.002,,6.94422e-310,6.94422e-310,1.4822e-323,5,89.275,1.9,,6.94422e-310,6.94422e-310,1.4822e-323,4.5,90.25,-0.2,,6.94422e-310,6.94422e-310,1.4822e-323,-1,-1,-2.3,,256.175,294.205,1.51282,5.02225,90.1525,3.9,,6.94422e-310,6.94422e-310,1.4822e-323,-1,-1,-6.5,,6.94422e-310,6.94422e-310,1.4822e-323,-1,-1,-8.6,,6.94422e-310,6.94422e-310,1.4822e-323,-1,-1,-10.7,,
Normal,506.247,,4,4,254.696,291.775,1.52632,3.8,0.310658,254.206,303.002,,6.94422e-310,6.94422e-310,1.4822e-323,5,89.55,1.9,,6.94422e-310,6.94422e-310,1.4822e-323,4.5,90.5,-0.2,,6.94422e-310,6.94422e-310,1.4822e-323,-1,-1,-2.3,,254.696,291.775,1.52632,4.97674,90.405,3.8,,6.94422e-310,6.94422e-310,1.4822e-323,-1,-1,-6.5,,6.94422e-310,6.94422e-310,1.4822e-323,-1,-1,-8.6,,6.94422e-310,6.94422e-310,1.4822e-323,-1,-1,-10.7,,
Normal,511.352,,4,4,254.217,288.138,1.58824,3.4,0.322202,254.206,303.002,,6.94422e-310,6.94422e-310,1.4822e-323,5,93.2,1.9,,6.94422e-310,6.94422e-310,1.4822e-323,4.5,91.5,-0.2,,6.94422e-310,6.94422e-310,1.4822e-323,-1,-1,-2.3,,254.217,288.138,1.58824,4.90873,91.415,3.4,,6.94422e-310,6.94422e-310,1.4822e-323,-1,-1,-6.5,,6.94422e-310,6.94422e-310,1.4822e-323,-1,-1,-8.6,,6.94422e-310,6.94422e-310,1.4822e-323,-1,-1,-10.7,,
Normal,516.903,,4,4,254.681,286.355,1.64516,3.1,0.74561,254.206,303.002,,6.94422e-310,6.94422e-310,1.4822e-323,5,93.8,1.9,,6.94422e-310,6.94422e-310,1.4822e-323,4.5,92.25,-0.2,,6.94422e-310,6.94422e-310,1.4822e-323,-1,-1,-2.3,,254.681,286.355,1.64516,4.87542,92.1725,3.1,,6.94422e-310,6.94422e-310,1.4822e-323,-1,-1,-6.5,,6.94422e-310,6.94422e-310,1.4822e-323,-1,-1,-8.6,,6.94422e-310,6.94422e-310,1.4822e-323,-1,-1,-10.7,,
Normal,521.756,,4,4,254.568,291.633,1.52632,3.8,0.571678,254.206,303.002,,6.94422e-310,6.94422e-310,1.4822e-323,5,89.55,1.9,,6.94422e-310,6.94422e-310,1.4822e-323,4.5,90.5,-0.2,,6.94422e-310,6.94422e-310,1.4822e-323,-1,-1,-2.3,,254.568,291.633,1.52632,4.97409,90.405,3.8,,6.94422e-310,6.94422e-310,1.4822e-323,-1,-1,-6.5,,6.94422e-310,6.94422e-310,1.4822e-323,-1,-1,-8.6,,6.94422e-310,6.94422e-310,1.4822e-323,-1,-1,-10.7,,
Normal,526.988,,4,4,254.803,287.247,1.625,3.2,0.69348,254.206,303.002,,6.94422e-310,6.94422e-310,1.4822e-323,5,93.6,1.9,,6.94422e-310,6.94422e-310,1.4822e-323,4.5,92,-0.2,,6.94422e-310,6.94422e-310,1.4822e-323,-1,-1,-2.3,,254.803,287.247,1.625,4.89208,91.92,3.2,,6.94422e-310,6.94422e-310,1.4822e-323,-1,-1,-6.5,,6.94422e-310,6.94422e-310,1.4822e-323,-1,-1,-8.6,,6.94422e-310,6.94422e-310,1.4822e-323,-1,-1,-10.7,,
Normal,531.808,,4,4,254.479,290.751,1.54054,3.7,0.269495,254.206,303.002,,6.94422e-310,6.94422e-310,1.4822e-323,5,89.825,1.9,,6.94422e-310,6.94422e-310,1.4822e-323,4.5,90.75,-0.2,,6.94422e-310,6.94422e-310,1.4822e-323,-1,-1,-2.3,,254.479,290.751,1.54054,4.95759,90.6575,3.7,,6.94422e-310,6.94422e-310,1.4822e-323,-1,-1,-6.5,,6.94422e-310,6.94422e-310,1.4822e-323,-1,-1,-8.6,,6.94422e-310,6.94422e-310,1.4822e-323,-1,-1,-10.7,,
Normal,537.717,,4,4,254.22,290.465,1.54054,3.7,1.1301,254.206,303.002,,6.94422e-310,6.94422e-310,1.4822e-323,5,89.825,1.9,,6.94422e-310,6.94422e-310,1.4822e-323,4.5,90.75,-0.2,,6.94422e-310,6.94422e-310,1.4822e-323,-1,-1,-2.3,,254.22,290.465,1.54054,4.95224,90.6575,3.7,,6.94422e-310,6.94422e-310,1.4822e-323,-1,-1,-6.5,,6.94422e-310,6.94422e-310,1.4822e-323,-1,-1,-8.6,,6.94422e-310,6.94422e-310,1.4822e-323,-1,-1,-10.7,,
Normal,542.04,,4,4,257.071,295.198,1.51282,3.9,0.295158,254.206,303.002,,6.94422e-310,6.94422e-310,1.4822e-323,5,89.275,1.9,,6.94422e-310,6.94422e-310,1.4822e-323,4.5,90.25,-0.2,,6.94422e-310,6.94422e-310,1.4822e-323,-1,-1,-2.3,,257.071,295.198,1.51282,5.04087,90.1525,3.9,,6.94422e-310,6.94422e-310,1.4822e-323,-1,-1,-6.5,,6.94422e-310,6.94422e-310,1.4822e-323,-1,-1,-8.6,,6.94422e-310,6.94422e-310,1.4822e-323,-1,-1,-10.7,,
Normal,547.099,,4,4,254.345,289.048,1.57143,3.5,0.27829,254.206,303.002,,6.94422e-310,6.94422e-310,1.4822e-323,5,93,1.9,,6.94422e-310,6.94422e-310,1.4822e-323,4.5,91.25,-0.2,,6.94422e-310,6.94422e-310,1.4822e-323,-1,-1,-2.3,,254.345,289.048,1.57143,4.92574,91.1625,3.5,,6.94422e-310,6.94422e-310,1.4822e-323,-1,-1,-6.5,,6.94422e-310,6.94422e-310,1.4822e-323,-1,-1,-8.6,,6.94422e-310,6.94422e-310,1.4822e-323,-1,-1,-10.7,,
Normal,552.189,,4,4,254.484,289.977,1.55556,3.6,0.311669,254.206,303.002,,6.94422e-310,6.94422e-310,1.4822e-323,5,90.1,1.9,,6.94422e-310,6.94422e-310,1.4822e-323,4.5,91,-0.2,,6.94422e-310,6.94422e-310,1.4822e-323,-1,-1,-2.3,,254.484,289.977,1.55556,4.9431,90.91,3.6,,6.94422e-310,6.94422e-310,1.4822e-323,-1,-1,-6.5,,6.94422e-310,6.94422e-310,1.4822e-323,-1,-1,-8.6,,6.94422e-310,6.94422e-310,1.4822e-323,-1,-1,-10.7,,
Normal,557.406,,4,4,259.89,298.326,1.51282,3.9,0.429852,254.206,303.002,,6.94422e-310,6.94422e-310,1.4822e-323,5,89.275,1.9,,6.94422e-310,6.94422e-310,1.4822e-323,4.5,90.25,-0.2,,6.94422e-310,6.94422e-310,1.4822e-323,-1,-1,-2.3,,259.89,298.326,1.51282,5.09954,90.1525,3.9,,6.94422e-310,6.94422e-310,1.4822e-323,-1,-1,-6.5,,6.94422e-310,6.94422e-310,1.4822e-323,-1,-1,-8.6,,6.94422e-310,6.94422e-310,1.4822e-323,-1,-1,-10.7,,
Normal,563.168,,4,4,254.835,282.014,1.74074,2.7,0.977089,254.206,303.002,,6.94422e-310,6.94422e-310,1.4822e-323,5,94.6,1.9,,6.94422e-310,6.94422e-310,1.4822e-323,4.5,96.4,-0.2,,6.94422e-310,6.94422e-310,1.4822e-323,-1,-1,-2.3,,254.835,282.014,1.74074,4.79444,93.7,2.7,,6.94422e-310,6.94422e-310,1.4822e-323,-1,-1,-6.5,,6.94422e-310,6.94422e-310,1.4822e-323,-1,-1,-8.6,,6.94422e-310,6.94422e-310,1.4822e-323,-1,-1,-10.7,,
Normal,567.703,,4,4,262.05,300.723,1.51282,3.9,0.264466,254.206,303.002,,6.94422e-310,6.94422e-310,1.4822e-323,5,89.275,1.9,,6.94422e-310,6.94422e-310,1.4822e-323,4.5,90.25,-0.2,,6.94422e-310,6.94422e-310,1.4822e-323,-1,-1,-2.3,,262.05,300.723,1.51282,5.14454,90.1525,3.9,,6.94422e-310,6.94422e-310,1.4822e-323,-1,-1,-6.5,,6.94422e-310,6.94422e-310,1.4822e-323,-1,-1,-8.6,,6.94422e-310,6.94422e-310,1.4822e-323,-1,-1,-10.7,,
Normal,572.748,,4,4,254.415,290.68,1.54054,3.7,0.265193,254.206,303.002,,6.94422e-310,6.94422e-310,1.4822e-323,5,89.825,1.9,,6.94422e-310,6.94422e-310,1.4822e-323,4.5,90.75,-0.2,,6.94422e-310,6.94422e-310,1.4822e-323,-1,-1,-2.3,,254.415,290.68,1.54054,4.95626,90.6575,3.7,,6.94422e-310,6.94422e-310,1.4822e-323,-1,-1,-6.5,,6.94422e-310,6.94422e-310,1.4822e-323,-1,-1,-8.6,,6.94422e-310,6.94422e-310,1.4822e-323,-1,-1,-10.7,,
Normal,577.832,,4,4,254.727,290.243,1.55556,3.6,0.29651,254.206,303.002,,6.94422e-310,6.94422e-310,1.4822e-323,5,90.1,1.9,,6.94422e-310,6.94422e-310,1.4822e-323,4.5,91,-0.2,,6.94422e-310,6.94422e-310,1.4822e-323,-1,-1,-2.3,,254.727,290.243,1.55556,4.94809,90.91,3.6,,6.94422e-310,6.94422e-310,1.4822e-323,-1,-1,-6.5,,6.94422e-310,6.94422e-310,1.4822e-323,-1,-1,-8.6,,6.94422e-310,6.94422e-310,1.4822e-323,-1,-1,-10.7,,
Normal,582.873,,4,4,254.868,288.85,1.58824,3.4,0.258376,254.206,303.002,,6.94422e-310,6.94422e-310,1.4822e-323,5,93.2,1.9,,6.94422e-310,6.94422e-310,1.4822e-323,4.5,91.5,-0.2,,6.94422e-310,6.94422e-310,1.4822e-323,-1,-1,-2.3,,254.868,288.85,1.58824,4.92203,91.415,3.4,,6.94422e-310,6.94422e-310,1.4822e-323,-1,-1,-6.5,,6.94422e-310,6.94422e-310,1.4822e-323,-1,-1,-8.6,,6.94422e-310,6.94422e-310,1.4822e-323,-1,-1,-10.7,,
Normal,587.994,,4,4,254.384,290.646,1.54054,3.7,0.33454,254.206,303.002,,6.94422e-310,6.94422e-310,1.4822e-323,5,89.825,1.9,,6.94422e-310,6.94422e-310,1.4822e-323,4.5,90.75,-0.2,,6.94422e-310,6.94422e-310,1.4822e-323,-1,-1,-2.3,,254.384,290.646,1.54054,4.95562,90.6575,3.7,,6.94422e-310,6.94422e-310,1.4822e-323,-1,-1,-6.5,,6.94422e-310,6.94422e-310,1.4822e-323,-1,-1,-8.6,,6.94422e-310,6.94422e-310,1.4822e-323,-1,-1,-10.7,,
Normal,593.227,,4,4,254.739,287.177,1.625,3.2,0.455606,254.206,303.002,,6.94422e-310,6.94422e-310,1.4822e-323,5,93.6,1.9,,6.94422e-310,6.94422e-310,1.4822e-323,4.5,92,-0.2,,6.94422e-310,6.94422e-310,1.4822e-323,-1,-1,-2.3,,254.739,287.177,1.625,4.89078,91.92,3.2,,6.94422e-310,6.94422e-310,1.4822e-323,-1,-1,-6.5,,6.94422e-310,6.94422e-310,1.4822e-323,-1,-1,-8.6,,6.94422e-310,6.94422e-310,1.4822e-323,-1,-1,-10.7,,
Normal,599.011,,4,4,254.518,290.793,1.54054,3.7,0.996801,254.206,303.002,,6.94422e-310,6.94422e-310,1.4822e-323,5,89.825,1.9,,6.94422e-310,6.94422e-310,1.4822e-323,4.5,90.75,-0.2,,6.94422e-310,6.94422e-310,1.4822e-323,-1,-1,-2.3,,254.518,290.793,1.54054,4.95838,90.6575,3.7,,6.94422e-310,6.94422e-310,1.4822e-323,-1,-1,-6.5,,6.94422e-310,6.94422e-310,1.4822e-323,-1,-1,-8.6,,6.94422e-310,6.94422e-310,1.4822e-323,-1,-1,-10.7,,
Normal,603.478,,4,4,254.225,292.041,1.51282,3.9,0.444852,254.206,303.002,,6.94422e-310,6.94422e-310,1.4822e-323,5,89.275,1.9,,6.94422e-310,6.94422e-310,1.4822e-323,4.5,90.25,-0.2,,6.94422e-310,6.94422e-310,1.4822e-323,-1,-1,-2.3,,254.225,292.041,1.51282,4.98173,90.1525,3.9,,6.94422e-310,6.94422e-310,1.4822e-323,-1,-1,-6.5,,6.94422e-310,6.94422e-310,1.4822e-323,-1,-1,-8.6,,6.94422e-310,6.94422e-310,1.4822e-323,-1,-1,-10.7,,
Normal,609.104,,4,4,254.254,291.286,1.52632,3.8,0.836744,254.206,303.002,,6.94422e-310,6.94422e-310,1.4822e-323,5,89.55,1.9,,6.94422e-310,6.94422e-310,1.4822e-323,4.5,90.5,-0.2,,6.94422e-310,6.94422e-310,1.4822e-323,-1,-1,-2.3,,254.254,291.286,1.52632,4.96759,90.405,3.8,,6.94422e-310,6.94422e-310,1.4822e-323,-1,-1,-6.5,,6.94422e-310,6.94422e-310,1.4822e-323,-1,-1,-8.6,,6.94422e-310,6.94422e-310,1.4822e-323,-1,-1,-10.7,,
Normal,613.628,,4,4,259.016,297.357,1.51282,3.9,0.243972,254.206,303.002,,6.94422e-310,6.94422e-310,1.4822e-323,5,89.275,1.9,,6.94422e-310,6.94422e-310,1.4822e-323,4.5,90.25,-0.2,,6.94422e-310,6.94422e-310,1.4822e-323,-1,-1,-2.3,,259.016,297.357,1.51282,5.08135,90.1525,3.9,,6.94422e-310,6.94422e-310,1.4822e-323,-1,-1,-6.5,,6.94422e-310,6.94422e-310,1.4822e-323,-1,-1,-8.6,,6.94422e-310,6.94422e-310,1.4822e-323,-1,-1,-10.7,,
Normal,618.694,,4,4,254.381,291.427,1.52632,3.8,0.28058,254.206,303.002,,6.94422e-310,6.94422e-310,1.4822e-323,5,89.55,1.9,,6.94422e-310,6.94422e-310,1.4822e-323,4.5,90.5,-0.2,,6.94422e-310,6.94422e-310,1.4822e-323,-1,-1,-2.3,,254.381,291.427,1.52632,4.97023,90.405,3.8,,6.94422e-310,6.94422e-310,1.4822e-323,-1,-1,-6.5,,6.94422e-310,6.94422e-310,1.4822e-323,-1,-1,-8.6,,6.94422e-310,6.94422e-310,1.4822e-323,-1,-1,-10.7,,
Normal,623.772,,4,4,254.446,289.934,1.55556,3.6,0.300014,254.206,303.002,,6.94422e-310,6.94422e-310,1.4822e-323,5,90.1,1.9,,6.94422e-310,6.94422e-310,1.4822e-323,4.5,91,-0.2,,6.94422e-310,6.94422e-310,1.4822e-323,-1,-1,-2.3,,254.446,289.934,1.55556,4.94231,90.91,3.6,,6.94422e-310,6.94422e-310,1.4822e-323,-1,-1,-6.5,,6.94422e-310,6.94422e-310,1.4822e-323,-1,-1,-8.6,,6.94422e-310,6.94422e-310,1.4822e-323,-1,-1,-10.7,,
Normal,629.006,,4,4,254.384,288.32,1.58824,3.4,0.444304,254.206,303.002,,6.94422e-310,6.94422e-310,1.4822e-323,5,93.2,1.9,,6.94422e-310,6.94422e-310,1.4822e-323,4.5,91.5,-0.2,,6.94422e-310,6.94422e-310,1.4822e-323,-1,-1,-2.3,,254.384,288.32,1.58824,4.91213,91.415,3.4,,6.94422e-310,6.94422e-310,1.4822e-323,-1,-1,-6.5,,6.94422e-310,6.94422e-310,1.4822e-323,-1,-1,-8.6,,6.94422e-310,6.94422e-310,1.4822e-323,-1,-1,-10.7,,
Normal,634.105,,4,4,254.639,291.711,1.52632,3.8,0.317886,254.206,303.002,,6.94422e-310,6.94422e-310,1.4822e-323,5,89.55,1.9,,6.94422e-310,6.94422e-310,1.4822e-323,4.5,90.5,-0.2,,6.94422e-310,6.94422e-310,1.4822e-323,-1,-1,-2.3,,254.639,291.711,1.52632,4.97556,90.405,3.8,,6.94422e-310,6.94422e-310,1.4822e-323,-1,-1,-6.5,,6.94422e-310,6.94422e-310,1.4822e-323,-1,-1,-8.6,,6.94422e-310,6.94422e-310,1.4822e-323,-1,-1,-10.7,,
Normal,639.35,,4,4,254.522,287.704,1.60606,3.3,0.461583,254.206,303.002,,6.94422e-310,6.94422e-310,1.4822e-323,5,93.4,1.9,,6.94422e-310,6.94422e-310,1.4822e-323,4.5,91.75,-0.2,,6.94422e-310,6.94422e-310,1.4822e-323,-1,-1,-2.3,,254.522,287.704,1.60606,4.90062,91.6675,3.3,,6.94422e-310,6.94422e-310,1.4822e-323,-1,-1,-6.5,,6.94422e-310,6.94422e-310,1.4822e-323,-1,-1,-8.6,,6.94422e-310,6.94422e-310,1.4822e-323,-1,-1,-10.7,,
Normal,644.78,,4,4,254.909,291.225,1.54054,3.7,0.65631,254.206,303.002,,6.94422e-310,6.94422e-310,1.4822e-323,5,89.825,1.9,,6.94422e-310,6.94422e-310,1.4822e-323,4.5,90.75,-0.2,,6.94422e-310,6.94422e-310,1.4822e-323,-1,-1,-2.3,,254.909,291.225,1.54054,4.96646,90.6575,3.7,,6.94422e-310,6.94422e-310,1.4822e-323,-1,-1,-6.5,,6.94422e-310,6.94422e-310,1.4822e-323,-1,-1,-8.6,,6.94422e-310,6.94422e-310,1.4822e-323,-1,-1,-10.7,,
Normal,649.977,,4,4,255.242,293.17,1.51282,3.9,0.656224,254.206,303.002,,6.94422e-310,6.94422e-310,1.4822e-323,5,89.275,1.9,,6.94422e-310,6.94422e-310,1.4822e-323,4.5,90.25,-0.2,,6.94422e-310,6.94422e-310,1.4822e-323,-1,-1,-2.3,,255.242,293.17,1.51282,5.00286,90.1525,3.9,,6.94422e-310,6.94422e-310,1.4822e-323,-1,-1,-6.5,,6.94422e-310,6.94422e-310,1.4822e-323,-1,-1,-8.6,,6.94422e-310,6.94422e-310,1.4822e-323,-1,-1,-10.7,,
Normal,655.267,,4,4,254.35,283.54,1.66667,3,0.76335,254.206,303.002,,6.94422e-310,6.94422e-310,1.4822e-323,5,94,1.9,,6.94422e-310,6.94422e-310,1.4822e-323,4.5,96,-0.2,,6.94422e-310,6.94422e-310,1.4822e-323,-1,-1,-2.3,,254.35,283.54,1.66667,4.82289,93,3,,6.94422e-310,6.94422e-310,1.4822e-323,-1,-1,-6.5,,6.94422e-310,6.94422e-310,1.4822e-323,-1,-1,-8.6,,6.94422e-310,6.94422e-310,1.4822e-323,-1,-1,-10.7,,
Normal,659.91,,4,4,254.244,290.492,1.54054,3.7,0.358418,254.206,303.002,,6.94422e-310,6.94422e-310,1.4822e-323,5,89.825,1.9,,6.94422e-310,6.94422e-310,1.4822e-323,4.5,90.75,-0.2,,6.94422e-310,6.94422e-310,1.4822e-323,-1,-1,-2.3,,254.244,290.492,1.54054,4.95274,90.6575,3.7,,6.94422e-310,6.94422e-310,1.4822e-323,-1,-1,-6.5,,6.94422e-310,6.94422e-310,1.4822e-323,-1,-1,-8.6,,6.94422e-310,6.94422e-310,1.4822e-323,-1,-1,-10.7,,
Normal,665.571,,4,4,258.184,296.434,1.51282,3.9,0.884939,254.206,303.002,,6.94422e-310,6.94422e-310,1.4822e-323,5,89.275,1.9,,6.94422e-310,6.94422e-310,1.4822e-323,4.5,90.25,-0.2,,6.94422e-310,6.94422e-310,1.4822e-323,-1,-1,-2.3,,258.184,296.434,1.51282,5.06404,90.1525,3.9,,6.94422e-310,6.94422e-310,1.4822e-323,-1,-1,-6.5,,6.94422e-310,6.94422e-310,1.4822e-323,-1,-1,-8.6,,6.94422e-310,6.94422e-310,1.4822e-323,-1,-1,-10.7,,
Normal,670.169,,4,4,256.698,294.785,1.51282,3.9,0.317064,254.206,303.002,,6.94422e-310,6.94422e-310,1.4822e-323,5,89.275,1.9,,6.94422e-310,6.94422e-310,1.4822e-323,4.5,90.25,-0.2,,6.94422e-310,6.94422e-310,1.4822e-323,-1,-1,-2.3,,256.698,294.785,1.51282,5.03313,90.1525,3.9,,6.94422e-310,6.94422e-310,1.4822e-323,-1,-1,-6.5,,6.94422e-310,6.94422e-310,1.4822e-323,-1,-1,-8.6,,6.94422e-310,6.94422e-310,1.4822e-323,-1,-1,-10.7,,
Normal,675.277,,4,4,254.478,287.656,1.60606,3.3,0.321753,254.206,303.002,,6.94422e-310,6.94422e-310,1.4822e-323,5,93.4,1.9,,6.94422e-310,6.94422e-310,1.4822e-323,4.5,91.75,-0.2,,6.94422e-310,6.94422e-310,1.4822e-323,-1,-1,-2.3,,254.478,287.656,1.60606,4.89972,91.6675,3.3,,6.94422e-310,6.94422e-310,1.4822e-323,-1,-1,-6.5,,6.94422e-310,6.94422e-310,1.4822e-323,-1,-1,-8.6,,6.94422e-310,6.94422e-310,1.4822e-323,-1,-1,-10.7,,
Normal,680.616,,4,4,254.575,286.999,1.625,3.2,0.544632,254.206,303.002,,6.94422e-310,6.94422e-310,1.4822e-323,5,93.6,1.9,,6.94422e-310,6.94422e-310,1.4822e-323,4.5,92,-0.2,,6.94422e-310,6.94422e-310,1.4822e-323,-1,-1,-2.3,,254.575,286.999,1.625,4.88744,91.92,3.2,,6.94422e-310,6.94422e-310,1.4822e-323,-1,-1,-6.5,,6.94422e-310,6.94422e-310,1.4822e-323,-1,-1,-8.6,,6.94422e-310,6.94422e-310,1.4822e-323,-1,-1,-10.7,,
Normal,685.481,,4,4,254.374,288.31,1.58824,3.4,0.320576,254.206,303.002,,6.94422e-310,6.94422e-310,1.4822e-323,5,93.2,1.9,,6.94422e-310,6.94422e-310,1.4822e-323,4.5,91.5,-0.2,,6.94422e-310,6.94422e-310,1.4822e-323,-1,-1,-2.3,,254.374,288.31,1.58824,4.91194,91.415,3.4,,6.94422e-310,6.94422e-310,1.4822e-323,-1,-1,-6.5,,6.94422e-310,6.94422e-310,1.4822e-323,-1,-1,-8.6,,6.94422e-310,6.94422e-310,1.4822e-323,-1,-1,-10.7,,
Normal,690.57,,4,4,259.586,297.989,1.51282,3.9,0.305554,254.206,303.002,,6.94422e-310,6.94422e-310,1.4822e-323,5,89.275,1.9,,6.94422e-310,6.94422e-310,1.4822e-323,4.5,90.25,-0.2,,6.94422e-310,6.94422e-310,1.4822e-323,-1,-1,-2.3,,259.586,297.989,1.51282,5.09321,90.1525,3.9,,6.94422e-310,6.94422e-310,1.4822e-323,-1,-1,-6.5,,6.94422e-310,6.94422e-310,1.4822e-323,-1,-1,-8.6,,6.94422e-310,6.94422e-310,1.4822e-323,-1,-1,-10.7,,
Normal,695.65,,4,4,254.355,289.059,1.57143,3.5,0.310915,254.206,303.002,,6.94422e-310,6.94422e-310,1.4822e-323,5,93,1.9,,6.94422e-310,6.94422e-310,1.4822e-323,4.5,91.25,-0.2,,6.94422e-310,6.94422e-310,1.4822e-323,-1,-1,-2.3,,254.355,289.059,1.57143,4.92594,91.1625,3.5,,6.94422e-310,6.94422e-310,1.4822e-323,-1,-1,-6.5,,6.94422e-310,6.94422e-310,1.4822e-323,-1,-1,-8.6,,6.94422e-310,6.94422e-310,1.4822e-323,-1,-1,-10.7,,
Normal,700.671,,4,4,254.386,288.323,1.58824,3.4,0.242804,254.206,303.002,,6.94422e-310,6.94422e-310,1.4822e-323,5,93.2,1.9,,6.94422e-310,6.94422e-310,1.4822e-323,4.5,91.5,-0.2,,6.94422e-310,6.94422e-310,1.4822e-323,-1,-1,-2.3,,254.386,288.323,1.58824,4.91218,91.415,3.4,,6.94422e-310,6.94422e-310,1.4822e-323,-1,-1,-6.5,,6.94422e-310,6.94422e-310,1.4822e-323,-1,-1,-8.6,,6.94422e-310,6.94422e-310,1.4822e-323,-1,-1,-10.7,,
Normal,705.713,,4,4,254.523,291.584,1.52632,3.8,0.257332,254.206,303.002,,6.94422e-310,6.94422e-310,1.4822e-323,5,89.55,1.9,,6.94422e-310,6.94422e-310,1.4822e-323,4.5,90.5,-0.2,,6.94422e-310,6.94422e-310,1.4822e-323,-1,-1,-2.3,,254.523,291.584,1.52632,4.97317,90.405,3.8,,6.94422e-310,6.94422e-310,1.4822e-323,-1,-1,-6.5,,6.94422e-310,6.94422e-310,1.4822e-323,-1,-1,-8.6,,6.94422e-310,6.94422e-310,1.4822e-323,-1,-1,-10.7,,
Normal,710.809,,4,4,254.465,291.52,1.52632,3.8,0.325242,254.206,303.002,,6.94422e-310,6.94422e-310,1.4822e-323,5,89.55,1.9,,6.94422e-310,6.94422e-310,1.4822e-323,4.5,90.5,-0.2,,6.94422e-310,6.94422e-310,1.4822e-323,-1,-1,-2.3,,254.465,291.52,1.52632,4.97197,90.405,3.8,,6.94422e-310,6.94422e-310,1.4822e-323,-1,-1,-6.5,,6.94422e-310,6.94422e-310,1.4822e-323,-1,-1,-8.6,,6.94422e-310,6.94422e-310,1.4822e-323,-1,-1,-10.7,,
Normal,715.96,,4,4,259.654,298.065,1.51282,3.9,0.373117,254.206,303.002,,6.94422e-310,6.94422e-310,1.4822e-323,5,89.275,1.9,,6.94422e-310,6.94422e-310,1.4822e-323,4.5,90.25,-0.2,,6.94422e-310,6.94422e-310,1.4822e-323,-1,-1,-2.3,,259.654,298.065,1.51282,5.09463,90.1525,3.9,,6.94422e-310,6.94422e-310,1.4822e-323,-1,-1,-6.5,,6.94422e-310,6.94422e-310,1.4822e-323,-1,-1,-8.6,,6.94422e-310,6.94422e-310,1.4822e-323,-1,-1,-10.7,,
Normal,721.021,,4,4,255.744,285.04,1.66667,3,0.280596,254.206,303.002,,6.94422e-310,6.94422e-310,1.4822e-323,5,94,1.9,,6.94422e-310,6.94422e-310,1.4822e-323,4.5,96,-0.2,,6.94422e-310,6.94422e-310,1.4822e-323,-1,-1,-2.3,,255.744,285.04,1.66667,4.85087,93,3,,6.94422e-310,6.94422e-310,1.4822e-323,-1,-1,-6.5,,6.94422e-310,6.94422e-310,1.4822e-323,-1,-1,-8.6,,6.94422e-310,6.94422e-310,1.4822e-323,-1,-1,-10.7,,
Normal,726.086,,4,4,254.773,289.518,1.57143,3.5,0.278482,254.206,303.002,,6.94422e-310,6.94422e-310,1.4822e-323,5,93,1.9,,6.94422e-310,6.94422e-310,1.4822e-323,4.5,91.25,-0.2,,6.94422e-310,6.94422e-310,1.4822e-323,-1,-1,-2.3,,254.773,289.518,1.57143,4.93452,91.1625,3.5,,6.94422e-310,6.94422e-310,1.4822e-323,-1,-1,-6.5,,6.94422e-310,6.94422e-310,1.4822e-323,-1,-1,-8.6,,6.94422e-310,6.94422e-310,1.4822e-323,-1,-1,-10.7,,
Normal,731.168,,4,4,254.429,289.916,1.55556,3.6,0.302194,254.206,303.002,,6.94422e-310,6.94422e-310,1.4822e-323,5,90.1,1.9,,6.94422e-310,6.94422e-310,1.4822e-323,4.5,91,-0.2,,6.94422e-310,6.94422e-310,1.4822e-323,-1,-1,-2.3,,254.429,289.916,1.55556,4.94197,90.91,3.6,,6.94422e-310,6.94422e-310,1.4822e-323,-1,-1,-6.5,,6.94422e-310,6.94422e-310,1.4822e-323,-1,-1,-8.6,,6.94422e-310,6.94422e-310,1.4822e-323,-1,-1,-10.7,,
Normal,736.528,,4,4,260.32,298.804,1.51282,3.9,0.573231,254.206,303.002,,6.94422e-310,6.94422e-310,1.4822e-323,5,89.275,1.9,,6.94422e-310,6.94422e-310,1.4822e-323,4.5,90.25,-0.2,,6.94422e-310,6.94422e-310,1.4822e-323,-1,-1,-2.3,,260.32,298.804,1.51282,5.1085,90.1525,3.9,,6.94422e-310,6.94422e-310,1.4822e-323,-1,-1,-6.5,,6.94422e-310,6.94422e-310,1.4822e-323,-1,-1,-8.6,,6.94422e-310,6.94422e-310,1.4822e-323,-1,-1,-10.7,,
Normal,741.357,,4,4,254.604,287.794,1.60606,3.3,0.301896,254.206,303.002,,6.94422e-310,6.94422e-310,1.4822e-323,5,93.4,1.9,,6.94422e-310,6.94422e-310,1.4822e-323,4.5,91.75,-0.2,,6.94422e-310,6.94422e-310,1.4822e-323,-1,-1,-2.3,,254.604,287.794,1.60606,4.9023,91.6675,3.3,,6.94422e-310,6.94422e-310,1.4822e-323,-1,-1,-6.5,,6.94422e-310,6.94422e-310,1.4822e-323,-1,-1,-8.6,,6.94422e-310,6.94422e-310,1.4822e-323,-1,-1,-10.7,,
Normal,746.435,,4,4,254.24,288.163,1.58824,3.4,0.286124,254.206,303.002,,6.94422e-310,6.94422e-310,1.4822e-323,5,93.2,1.9,,6.94422e-310,6.94422e-310,1.4822e-323,4.5,91.5,-0.2,,6.94422e-310,6.94422e-310,1.4822e-323,-1,-1,-2.3,,254.24,288.163,1.58824,4.90919,91.415,3.4,,6.94422e-310,6.94422e-310,1.4822e-323,-1,-1,-6.5,,6.94422e-310,6.94422e-310,1.4822e-323,-1,-1,-8.6,,6.94422e-310,6.94422e-310,1.4822e-323,-1,-1,-10.7,,
Normal,751.504,,4,4,254.561,288.514,1.58824,3.4,0.264648,254.206,303.002,,6.94422e-310,6.94422e-310,1.4822e-323,5,93.2,1.9,,6.94422e-310,6.94422e-310,1.4822e-323,4.5,91.5,-0.2,,6.94422e-310,6.94422e-310,1.4822e-323,-1,-1,-2.3,,254.561,288.514,1.58824,4.91576,91.415,3.4,,6.94422e-310,6.94422e-310,1.4822e-323,-1,-1,-6.5,,6.94422e-310,6.94422e-310,1.4822e-323,-1,-1,-8.6,,6.94422e-310,6.94422e-310,1.4822e-323,-1,-1,-10.7,,
Normal,756.586,,4,4,262.024,300.693,1.51282,3.9,0.298597,254.206,303.002,,6.94422e-310,6.94422e-310,1.4822e-323,5,89.275,1.9,,6.94422e-310,6.94422e-310,1.4822e-323,4.5,90.25,-0.2,,6.94422e-310,6.94422e-310,1.4822e-323,-1,-1,-2.3,,262.024,300.693,1.51282,5.14399,90.1525,3.9,,6.94422e-310,6.94422e-310,1.4822e-323,-1,-1,-6.5,,6.94422e-310,6.94422e-310,1.4822e-323,-1,-1,-8.6,,6.94422e-310,6.94422e-310,1.4822e-323,-1,-1,-10.7,,
Normal,761.657,,4,4,254.471,289.186,1.57143,3.5,0.296466,254.206,303.002,,6.94422e-310,6.94422e-310,1.4822e-323,5,93,1.9,,6.94422e-310,6.94422e-310,1.4822e-323,4.5,91.25,-0.2,,6.94422e-310,6.94422e-310,1.4822e-323,-1,-1,-2.3,,254.471,289.186,1.57143,4.92832,91.1625,3.5,,6.94422e-310,6.94422e-310,1.4822e-323,-1,-1,-6.5,,6.94422e-310,6.94422e-310,1.4822e-323,-1,-1,-8.6,,6.94422e-310,6.94422e-310,1.4822e-323,-1,-1,-10.7,,
Normal,766.775,,4,4,254.687,287.884,1.60606,3.3,0.316266,254.206,303.002,,6.94422e-310,6.94422e-310,1.4822e-323,5,93.4,1.9,,6.94422e-310,6.94422e-310,1.4822e-323,4.5,91.75,-0.2,,6.94422e-310,6.94422e-310,1.4822e-323,-1,-1,-2.3,,254.687,287.884,1.60606,4.90399,91.6675,3.3,,6.94422e-310,6.94422e-310,1.4822e-323,-1,-1,-6.5,,6.94422e-310,6.94422e-310,1.4822e-323,-1,-1,-8.6,,6.94422e-310,6.94422e-310,1.4822e-323,-1,-1,-10.7,,
Normal,771.819,,4,4,254.299,287.461,1.60606,3.3,0.253074,254.206,303.002,,6.94422e-310,6.94422e-310,1.4822e-323,5,93.4,1.9,,6.94422e-310,6.94422e-310,1.4822e-323,4.5,91.75,-0.2,,6.94422e-310,6.94422e-310,1.4822e-323,-1,-1,-2.3,,254.299,287.461,1.60606,4.89608,91.6675,3.3,,6.94422e-310,6.94422e-310,1.4822e-323,-1,-1,-6.5,,6.94422e-310,6.94422e-310,1.4822e-323,-1,-1,-8.6,,6.94422e-310,6.94422e-310,1.4822e-323,-1,-1,-10.7,,
Normal,776.868,,4,4,254.25,291.281,1.52632,3.8,0.271996,254.206,303.002,,6.94422e-310,6.94422e-310,1.4822e-323,5,89.55,1.9,,6.94422e-310,6.94422e-310,1.4822e-323,4.5,90.5,-0.2,,6.94422e-310,6.94422e-310,1.4822e-323,-1,-1,-2.3,,254.25,291.281,1.52632,4.96751,90.405,3.8,,6.94422e-310,6.94422e-310,1.4822e-323,-1,-1,-6.5,,6.94422e-310,6.94422e-310,1.4822e-323,-1,-1,-8.6,,6.94422e-310,6.94422e-310,1.4822e-323,-1,-1,-10.7,,
Normal,781.944,,4,4,254.335,290.591,1.54054,3.7,0.30183,254.206,303.002,,6.94422e-310,6.94422e-310,1.4822e-323,5,89.825,1.9,,6.94422e-310,6.94422e-310,1.4822e-323,4.5,90.75,-0.2,,6.94422e-310,6.94422e-310,1.4822e-323,-1,-1,-2.3,,254.335,290.591,1.54054,4.9546,90.6575,3.7,,6.94422e-310,6.94422e-310,1.4822e-323,-1,-1,-6.5,,6.94422e-310,6.94422e-310,1.4822e-323,-1,-1,-8.6,,6.94422e-310,6.94422e-310,1.4822e-323,-1,-1,-10.7,,
Normal,787.009,,4,4,260.813,299.35,1.51282,3.9,0.287042,254.206,303.002,,6.94422e-310,6.94422e-310,1.4822e-323,5,89.275,1.9,,6.94422e-310,6.94422e-310,1.4822e-323,4.5,90.25,-0.2,,6.94422e-310,6.94422e-310,1.4822e-323,-1,-1,-2.3,,260.813,299.35,1.51282,5.11876,90.1525,3.9,,6.94422e-310,6.94422e-310,1.4822e-323,-1,-1,-6.5,,6.94422e-310,6.94422e-310,1.4822e-323,-1,-1,-8.6,,6.94422e-310,6.94422e-310,1.4822e-323,-1,-1,-10.7,,
Normal,792.062,,4,4,254.858,289.611,1.57143,3.5,0.275512,254.206,303.002,,6.94422e-310,6.94422e-310,1.4822e-323,5,93,1.9,,6.94422e-310,6.94422e-310,1.4822e-323,4.5,91.25,-0.2,,6.94422e-310,6.94422e-310,1.4822e-323,-1,-1,-2.3,,254.858,289.611,1.57143,4.93627,91.1625,3.5,,6.94422e-310,6.94422e-310,1.4822e-323,-1,-1,-6.5,,6.94422e-310,6.94422e-310,1.4822e-323,-1,-1,-8.6,,6.94422e-310,6.94422e-310,1.4822e-323,-1,-1,-10.7,,
Normal,797.122,,4,4,254.247,289.716,1.55556,3.6,0.272331,254.206,303.002,,6.94422e-310,6.94422e-310,1.4822e-323,5,90.1,1.9,,6.94422e-310,6.94422e-310,1.4822e-323,4.5,91,-0.2,,6.94422e-310,6.94422e-310,1.4822e-323,-1,-1,-2.3,,254.247,289.716,1.55556,4.93822,90.91,3.6,,6.94422e-310,6.94422e-310,1.4822e-323,-1,-1,-6.5,,6.94422e-310,6.94422e-310,1.4822e-323,-1,-1,-8.6,,6.94422e-310,6.94422e-310,1.4822e-323,-1,-1,-10.7,,
Normal,802.207,,4,4,254.721,289.461,1.57143,3.5,0.290812,254.206,303.002,,6.94422e-310,6.94422e-310,1.4822e-323,5,93,1.9,,6.94422e-310,6.94422e-310,1.4822e-323,4.5,91.25,-0.2,,6.94422e-310,6.94422e-310,1.4822e-323,-1,-1,-2.3,,254.721,289.461,1.57143,4.93346,91.1625,3.5,,6.94422e-310,6.94422e-310,1.4822e-323,-1,-1,-6.5,,6.94422e-310,6.94422e-310,1.4822e-323,-1,-1,-8.6,,6.94422e-310,6.94422e-310,1.4822e-323,-1,-1,-10.7,,
Normal,807.407,,4,4,254.521,289.241,1.57143,3.5,0.41889,254.206,303.002,,6.94422e-310,6.94422e-310,1.4822e-323,5,93,1.9,,6.94422e-310,6.94422e-310,1.4822e-323,4.5,91.25,-0.2,,6.94422e-310,6.94422e-310,1.4822e-323,-1,-1,-2.3,,254.521,289.241,1.57143,4.92935,91.1625,3.5,,6.94422e-310,6.94422e-310,1.4822e-323,-1,-1,-6.5,,6.94422e-310,6.94422e-310,1.4822e-323,-1,-1,-8.6,,6.94422e-310,6.94422e-310,1.4822e-323,-1,-1,-10.7,,
Normal,812.543,,4,4,255.283,293.215,1.51282,3.9,0.358856,254.206,303.002,,6.94422e-310,6.94422e-310,1.4822e-323,5,89.275,1.9,,6.94422e-310,6.94422e-310,1.4822e-323,4.5,90.25,-0.2,,6.94422e-310,6.94422e-310,1.4822e-323,-1,-1,-2.3,,255.283,293.215,1.51282,5.00371,90.1525,3.9,,6.94422e-310,6.94422e-310,1.4822e-323,-1,-1,-6.5,,6.94422e-310,6.94422e-310,1.4822e-323,-1,-1,-8.6,,6.94422e-310,6.94422e-310,1.4822e-323,-1,-1,-10.7,,
Normal,817.672,,4,4,257.852,296.066,1.51282,3.9,0.345886,254.206,303.002,,6.94422e-310,6.94422e-310,1.4822e-323,5,89.275,1.9,,6.94422e-310,6.94422e-310,1.4822e-323,4.5,90.25,-0.2,,6.94422e-310,6.94422e-310,1.4822e-323,-1,-1,-2.3,,257.852,296.066,1.51282,5.05713,90.1525,3.9,,6.94422e-310,6.94422e-310,1.4822e-323,-1,-1,-6.5,,6.94422e-310,6.94422e-310,1.4822e-323,-1,-1,-8.6,,6.94422e-310,6.94422e-310,1.4822e-323,-1,-1,-10.7,,
Normal,823.057,,4,4,254.511,286.171,1.64516,3.1,0.600202,254.206,303.002,,6.94422e-310,6.94422e-310,1.4822e-323,5,93.8,1.9,,6.94422e-310,6.94422e-310,1.4822e-323,4.5,92.25,-0.2,,6.94422e-310,6.94422e-310,1.4822e-323,-1,-1,-2.3,,254.511,286.171,1.64516,4.87198,92.1725,3.1,,6.94422e-310,6.94422e-310,1.4822e-323,-1,-1,-6.5,,6.94422e-310,6.94422e-310,1.4822e-323,-1,-1,-8.6,,6.94422e-310,6.94422e-310,1.4822e-323,-1,-1,-10.7,,
Normal,827.85,,4,4,258.593,296.888,1.51282,3.9,0.268138,254.206,303.002,,6.94422e-310,6.94422e-310,1.4822e-323,5,89.275,1.9,,6.94422e-310,6.94422e-310,1.4822e-323,4.5,90.25,-0.2,,6.94422e-310,6.94422e-310,1.4822e-323,-1,-1,-2.3,,258.593,296.888,1.51282,5.07255,90.1525,3.9,,6.94422e-310,6.94422e-310,1.4822e-323,-1,-1,-6.5,,6.94422e-310,6.94422e-310,1.4822e-323,-1,-1,-8.6,,6.94422e-310,6.94422e-310,1.4822e-323,-1,-1,-10.7,,
Normal,832.932,,4,4,254.365,290.625,1.54054,3.7,0.303816,254.206,303.002,,6.94422e-310,6.94422e-310,1.4822e-323,5,89.825,1.9,,6.94422e-310,6.94422e-310,1.4822e-323,4.5,90.75,-0.2,,6.94422e-310,6.94422e-310,1.4822e-323,-1,-1,-2.3,,254.365,290.625,1.54054,4.95523,90.6575,3.7,,6.94422e-310,6.94422e-310,1.4822e-323,-1,-1,-6.5,,6.94422e-310,6.94422e-310,1.4822e-323,-1,-1,-8.6,,6.94422e-310,6.94422e-310,1.4822e-323,-1,-1,-10.7,,
Normal,837.999,,4,4,254.418,288.357,1.58824,3.4,0.281846,254.206,303.002,,6.94422e-310,6.94422e-310,1.4822e-323,5,93.2,1.9,,6.94422e-310,6.94422e-310,1.4822e-323,4.5,91.5,-0.2,,6.94422e-310,6.94422e-310,1.4822e-323,-1,-1,-2.3,,254.418,288.357,1.58824,4.91283,91.415,3.4,,6.94422e-310,6.94422e-310,1.4822e-323,-1,-1,-6.5,,6.94422e-310,6.94422e-310,1.4822e-323,-1,-1,-8.6,,6.94422e-310,6.94422e-310,1.4822e-323,-1,-1,-10.7,,
Normal,843.023,,4,4,254.416,289.901,1.55556,3.6,0.246534,254.206,303.002,,6.94422e-310,6.94422e-310,1.4822e-323,5,90.1,1.9,,6.94422e-310,6.94422e-310,1.4822e-323,4.5,91,-0.2,,6.94422e-310,6.94422e-310,1.4822e-323,-1,-1,-2.3,,254.416,289.901,1.55556,4.94169,90.91,3.6,,6.94422e-310,6.94422e-310,1.4822e-323,-1,-1,-6.5,,6.94422e-310,6.94422e-310,1.4822e-323,-1,-1,-8.6,,6.94422e-310,6.94422e-310,1.4822e-323,-1,-1,-10.7,,
Normal,848.089,,4,4,254.366,291.41,1.52632,3.8,0.283688,254.206,303.002,,6.94422e-310,6.94422e-310,1.4822e-323,5,89.55,1.9,,6.94422e-310,6.94422e-310,1.4822e-323,4.5,90.5,-0.2,,6.94422e-310,6.94422e-310,1.4822e-323,-1,-1,-2.3,,254.366,291.41,1.52632,4.96991,90.405,3.8,,6.94422e-310,6.94422e-310,1.4822e-323,-1,-1,-6.5,,6.94422e-310,6.94422e-310,1.4822e-323,-1,-1,-8.6,,6.94422e-310,6.94422e-310,1.4822e-323,-1,-1,-10.7,,
Normal,853.154,,4,4,254.741,289.483,1.57143,3.5,0.280754,254.206,303.002,,6.94422e-310,6.94422e-310,1.4822e-323,5,93,1.9,,6.94422e-310,6.94422e-310,1.4822e-323,4.5,91.25,-0.2,,6.94422e-310,6.94422e-310,1.4822e-323,-1,-1,-2.3,,254.741,289.483,1.57143,4.93387,91.1625,3.5,,6.94422e-310,6.94422e-310,1.4822e-323,-1,-1,-6.5,,6.94422e-310,6.94422e-310,1.4822e-323,-1,-1,-8.6,,6.94422e-310,6.94422e-310,1.4822e-323,-1,-1,-10.7,,
Normal,858.178,,4,4,254.476,289.967,1.55556,3.6,0.247674,254.206,303.002,,6.94422e-310,6.94422e-310,1.4822e-323,5,90.1,1.9,,6.94422e-310,6.94422e-310,1.4822e-323,4.5,91,-0.2,,6.94422e-310,6.94422e-310,1.4822e-323,-1,-1,-2.3,,254.476,289.967,1.55556,4.94293,90.91,3.6,,6.94422e-310,6.94422e-310,1.4822e-323,-1,-1,-6.5,,6.94422e-310,6.94422e-310,1.4822e-323,-1,-1,-8.6,,6.94422e-310,6.94422e-310,1.4822e-323,-1,-1,-10.7,,
Normal,863.268,,4,4,254.604,291.673,1.52632,3.8,0.31244,254.206,303.002,,6.94422e-310,6.94422e-310,1.4822e-323,5,89.55,1.9,,6.94422e-310,6.94422e-310,1.4822e-323,4.5,90.5,-0.2,,6.94422e-310,6.94422e-310,1.4822e-323,-1,-1,-2.3,,254.604,291.673,1.52632,4.97484,90.405,3.8,,6.94422e-310,6.94422e-310,1.4822e-323,-1,-1,-6.5,,6.94422e-310,6.94422e-310,1.4822e-323,-1,-1,-8.6,,6.94422e-310,6.94422e-310,1.4822e-323,-1,-1,-10.7,,
Normal,868.377,,4,4,260.414,298.908,1.51282,3.9,0.334064,254.206,303.002,,6.94422e-310,6.94422e-310,1.4822e-323,5,89.275,1.9,,6.94422e-310,6.94422e-310,1.4822e-323,4.5,90.25,-0.2,,6.94422e-310,6.94422e-310,1.4822e-323,-1,-1,-2.3,,260.414,298.908,1.51282,5.11046,90.1525,3.9,,6.94422e-310,6.94422e-310,1.4822e-323,-1,-1,-6.5,,6.94422e-310,6.94422e-310,1.4822e-323,-1,-1,-8.6,,6.94422e-310,6.94422e-310,1.4822e-323,-1,-1,-10.7,,
Normal,873.509,,4,4,254.262,287.421,1.60606,3.3,0.359428,254.206,303.002,,6.94422e-310,6.94422e-310,1.4822e-323,5,93.4,1.9,,6.94422e-310,6.94422e-310,1.4822e-323,4.5,91.75,-0.2,,6.94422e-310,6.94422e-310,1.4822e-323,-1,-1,-2.3,,254.262,287.421,1.60606,4.89533,91.6675,3.3,,6.94422e-310,6.94422e-310,1.4822e-323,-1,-1,-6.5,,6.94422e-310,6.94422e-310,1.4822e-323,-1,-1,-8.6,,6.94422e-310,6.94422e-310,1.4822e-323,-1,-1,-10.7,,
Normal,878.642,,4,4,256.426,285.773,1.66667,3,0.35239,254.206,303.002,,6.94422e-310,6.94422e-310,1.4822e-323,5,94,1.9,,6.94422e-310,6.94422e-310,1.4822e-323,4.5,96,-0.2,,6.94422e-310,6.94422e-310,1.4822e-323,-1,-1,-2.3,,256.426,285.773,1.66667,4.86456,93,3,,6.94422e-310,6.94422e-310,1.4822e-323,-1,-1,-6.5,,6.94422e-310,6.94422e-310,1.4822e-323,-1,-1,-8.6,,6.94422e-310,6.94422e-310,1.4822e-323,-1,-1,-10.7,,
Normal,883.781,,4,4,258.211,296.464,1.51282,3.9,0.357322,254.206,303.002,,6.94422e-310,6.94422e-310,1.4822e-323,5,89.275,1.9,,6.94422e-310,6.94422e-310,1.4822e-323,4.5,90.25,-0.2,,6.94422e-310,6.94422e-310,1.4822e-323,-1,-1,-2.3,,258.211,296.464,1.51282,5.06459,90.1525,3.9,,6.94422e-310,6.94422e-310,1.4822e-323,-1,-1,-6.5,,6.94422e-310,6.94422e-310,1.4822e-323,-1,-1,-8.6,,6.94422e-310,6.94422e-310,1.4822e-323,-1,-1,-10.7,,
Normal,888.843,,4,4,256.475,285.825,1.66667,3,0.28144,254.206,303.002,,6.94422e-310,6.94422e-310,1.4822e-323,5,94,1.9,,6.94422e-310,6.94422e-310,1.4822e-323,4.5,96,-0.2,,6.94422e-310,6.94422e-310,1.4822e-323,-1,-1,-2.3,,256.475,285.825,1.66667,4.86553,93,3,,6.94422e-310,6.94422e-310,1.4822e-323,-1,-1,-6.5,,6.94422e-310,6.94422e-310,1.4822e-323,-1,-1,-8.6,,6.94422e-310,6.94422e-310,1.4822e-323,-1,-1,-10.7,,
Normal,893.897,,4,4,261.471,300.081,1.51282,3.9,0.269864,254.206,303.002,,6.94422e-310,6.94422e-310,1.4822e-323,5,89.275,1.9,,6.94422e-310,6.94422e-310,1.4822e-323,4.5,90.25,-0.2,,6.94422e-310,6.94422e-310,1.4822e-323,-1,-1,-2.3,,261.471,300.081,1.51282,5.13248,90.1525,3.9,,6.94422e-310,6.94422e-310,1.4822e-323,-1,-1,-6.5,,6.94422e-310,6.94422e-310,1.4822e-323,-1,-1,-8.6,,6.94422e-310,6.94422e-310,1.4822e-323,-1,-1,-10.7,,
Normal,898.942,,4,4,254.343,290.6,1.54054,3.7,0.268732,254.206,303.002,,6.94422e-310,6.94422e-310,1.4822e-323,5,89.825,1.9,,6.94422e-310,6.94422e-310,1.4822e-323,4.5,90.75,-0.2,,6.94422e-310,6.94422e-310,1.4822e-323,-1,-1,-2.3,,254.343,290.6,1.54054,4.95477,90.6575,3.7,,6.94422e-310,6.94422e-310,1.4822e-323,-1,-1,-6.5,,6.94422e-310,6.94422e-310,1.4822e-323,-1,-1,-8.6,,6.94422e-310,6.94422e-310,1.4822e-323,-1,-1,-10.7,,
Normal,904.032,,4,4,254.714,290.229,1.55556,3.6,0.30738,254.206,303.002,,6.94422e-310,6.94422e-310,1.4822e-323,5,90.1,1.9,,6.94422e-310,6.94422e-310,1.4822e-323,4.5,91,-0.2,,6.94422e-310,6.94422e-310,1.4822e-323,-1,-1,-2.3,,254.714,290.229,1.55556,4.94782,90.91,3.6,,6.94422e-310,6.94422e-310,1.4822e-323,-1,-1,-6.5,,6.94422e-310,6.94422e-310,1.4822e-323,-1,-1,-8.6,,6.94422e-310,6.94422e-310,1.4822e-323,-1,-1,-10.7,,
Normal,909.063,,4,4,254.693,288.659,1.58824,3.4,0.253676,254.206,303.002,,6.94422e-310,6.94422e-310,1.4822e-323,5,93.2,1.9,,6.94422e-310,6.94422e-310,1.4822e-323,4.5,91.5,-0.2,,6.94422e-310,6.94422e-310,1.4822e-323,-1,-1,-2.3,,254.693,288.659,1.58824,4.91846,91.415,3.4,,6.94422e-310,6.94422e-310,1.4822e-323,-1,-1,-6.5,,6.94422e-310,6.94422e-310,1.4822e-323,-1,-1,-8.6,,6.94422e-310,6.94422e-310,1.4822e-323,-1,-1,-10.7,,
Normal,914.098,,4,4,254.893,291.208,1.54054,3.7,0.255268,254.206,303.002,,6.94422e-310,6.94422e-310,1.4822e-323,5,89.825,1.9,,6.94422e-310,6.94422e-310,1.4822e-323,4.5,90.75,-0.2,,6.94422e-310,6.94422e-310,1.4822e-323,-1,-1,-2.3,,254.893,291.208,1.54054,4.96613,90.6575,3.7,,6.94422e-310,6.94422e-310,1.4822e-323,-1,-1,-6.5,,6.94422e-310,6.94422e-310,1.4822e-323,-1,-1,-8.6,,6.94422e-310,6.94422e-310,1.4822e-323,-1,-1,-10.7,,
Normal,919.145,,4,4,254.886,291.2,1.54054,3.7,0.268868,254.206,303.002,,6.94422e-310,6.94422e-310,1.4822e-323,5,89.825,1.9,,6.94422e-310,6.94422e-310,1.4822e-323,4.5,90.75,-0.2,,6.94422e-310,6.94422e-310,1.4822e-323,-1,-1,-2.3,,254.886,291.2,1.54054,4.96598,90.6575,3.7,,6.94422e-310,6.94422e-310,1.4822e-323,-1,-1,-6.5,,6.94422e-310,6.94422e-310,1.4822e-323,-1,-1,-8.6,,6.94422e-310,6.94422e-310,1.4822e-323,-1,-1,-10.7,,
Normal,924.181,,4,4,254.565,290.845,1.54054,3.7,0.263582,254.206,303.002,,6.94422e-310,6.94422e-310,1.4822e-323,5,89.825,1.9,,6.94422e-310,6.94422e-310,1.4822e-323,4.5,90.75,-0.2,,6.94422e-310,6.94422e-310,1.4822e-323,-1,-1,-2.3,,254.565,290.845,1.54054,4.95935,90.6575,3.7,,6.94422e-310,6.94422e-310,1.4822e-323,-1,-1,-6.5,,6.94422e-310,6.94422e-310,1.4822e-323,-1,-1,-8.6,,6.94422e-310,6.94422e-310,1.4822e-323,-1,-1,-10.7,,
Normal,929.204,,4,4,254.76,291.061,1.54054,3.7,0.249932,254.206,303.002,,6.94422e-310,6.94422e-310,1.4822e-323,5,89.825,1.9,,6.94422e-310,6.94422e-310,1.4822e-323,4.5,90.75,-0.2,,6.94422e-310,6.94422e-310,1.4822e-323,-1,-1,-2.3,,254.76,291.061,1.54054,4.96338,90.6575,3.7,,6.94422e-310,6.94422e-310,1.4822e-323,-1,-1,-6.5,,6.94422e-310,6.94422e-310,1.4822e-323,-1,-1,-8.6,,6.94422e-310,6.94422e-310,1.4822e-323,-1,-1,-10.7,,
Normal,934.242,,4,4,254.278,291.313,1.52632,3.8,0.254946,254.206,303.002,,6.94422e-310,6.94422e-310,1.4822e-323,5,89.55,1.9,,6.94422e-310,6.94422e-310,1.4822e-323,4.5,90.5,-0.2,,6.94422e-310,6.94422e-310,1.4822e-323,-1,-1,-2.3,,254.278,291.313,1.52632,4.9681,90.405,3.8,,6.94422e-310,6.94422e-310,1.4822e-323,-1,-1,-6.5,,6.94422e-310,6.94422e-310,1.4822e-323,-1,-1,-8.6,,6.94422e-310,6.94422e-310,1.4822e-323,-1,-1,-10.7,,
Normal,939.305,,4,4,254.884,291.197,1.54054,3.7,0.284454,254.206,303.002,,6.94422e-310,6.94422e-310,1.4822e-323,5,89.825,1.9,,6.94422e-310,6.94422e-310,1.4822e-323,4.5,90.75,-0.2,,6.94422e-310,6.94422e-310,1.4822e-323,-1,-1,-2.3,,254.884,291.197,1.54054,4.96594,90.6575,3.7,,6.94422e-310,6.94422e-310,1.4822e-323,-1,-1,-6.5,,6.94422e-310,6.94422e-310,1.4822e-323,-1,-1,-8.6,,6.94422e-310,6.94422e-310,1.4822e-323,-1,-1,-10.7,,
Normal,944.798,,4,4,254.521,289.241,1.57143,3.5,0.70567,254.206,303.002,,6.94422e-310,6.94422e-310,1.4822e-323,5,93,1.9,,6.94422e-310,6.94422e-310,1.4822e-323,4.5,91.25,-0.2,,6.94422e-310,6.94422e-310,1.4822e-323,-1,-1,-2.3,,254.521,289.241,1.57143,4.92935,91.1625,3.5,,6.94422e-310,6.94422e-310,1.4822e-323,-1,-1,-6.5,,6.94422e-310,6.94422e-310,1.4822e-323,-1,-1,-8.6,,6.94422e-310,6.94422e-310,1.4822e-323,-1,-1,-10.7,,
Normal,949.661,,4,4,254.271,290.521,1.54054,3.7,0.318664,254.206,303.002,,6.94422e-310,6.94422e-310,1.4822e-323,5,89.825,1.9,,6.94422e-310,6.94422e-310,1.4822e-323,4.5,90.75,-0.2,,6.94422e-310,6.94422e-310,1.4822e-323,-1,-1,-2.3,,254.271,290.521,1.54054,4.95328,90.6575,3.7,,6.94422e-310,6.94422e-310,1.4822e-323,-1,-1,-6.5,,6.94422e-310,6.94422e-310,1.4822e-323,-1,-1,-8.6,,6.94422e-310,6.94422e-310,1.4822e-323,-1,-1,-10.7,,
Normal,954.707,,4,4,260.174,298.642,1.51282,3.9,0.272162,254.206,303.002,,6.94422e-310,6.94422e-310,1.4822e-323,5,89.275,1.9,,6.94422e-310,6.94422e-310,1.4822e-323,4.5,90.25,-0.2,,6.94422e-310,6.94422e-310,1.4822e-323,-1,-1,-2.3,,260.174,298.642,1.51282,5.10546,90.1525,3.9,,6.94422e-310,6.94422e-310,1.4822e-323,-1,-1,-6.5,,6.94422e-310,6.94422e-310,1.4822e-323,-1,-1,-8.6,,6.94422e-310,6.94422e-310,1.4822e-323,-1,-1,-10.7,,
Normal,959.755,,4,4,254.567,289.291,1.57143,3.5,0.247916,254.206,303.002,,6.94422e-310,6.94422e-310,1.4822e-323,5,93,1.9,,6.94422e-310,6.94422e-310,1.4822e-323,4.5,91.25,-0.2,,6.94422e-310,6.94422e-310,1.4822e-323,-1,-1,-2.3,,254.567,289.291,1.57143,4.93029,91.1625,3.5,,6.94422e-310,6.94422e-310,1.4822e-323,-1,-1,-6.5,,6.94422e-310,6.94422e-310,1.4822e-323,-1,-1,-8.6,,6.94422e-310,6.94422e-310,1.4822e-323,-1,-1,-10.7,,
Normal,964.806,,4,4,254.343,291.384,1.52632,3.8,0.269768,254.206,303.002,,6.94422e-310,6.94422e-310,1.4822e-323,5,89.55,1.9,,6.94422e-310,6.94422e-310,1.4822e-323,4.5,90.5,-0.2,,6.94422e-310,6.94422e-310,1.4822e-323,-1,-1,-2.3,,254.343,291.384,1.52632,4.96943,90.405,3.8,,6.94422e-310,6.94422e-310,1.4822e-323,-1,-1,-6.5,,6.94422e-310,6.94422e-310,1.4822e-323,-1,-1,-8.6,,6.94422e-310,6.94422e-310,1.4822e-323,-1,-1,-10.7,,
Normal,969.898,,4,4,254.812,290.337,1.55556,3.6,0.311577,254.206,303.002,,6.94422e-310,6.94422e-310,1.4822e-323,5,90.1,1.9,,6.94422e-310,6.94422e-310,1.4822e-323,4.5,91,-0.2,,6.94422e-310,6.94422e-310,1.4822e-323,-1,-1,-2.3,,254.812,290.337,1.55556,4.94985,90.91,3.6,,6.94422e-310,6.94422e-310,1.4822e-323,-1,-1,-6.5,,6.94422e-310,6.94422e-310,1.4822e-323,-1,-1,-8.6,,6.94422e-310,6.94422e-310,1.4822e-323,-1,-1,-10.7,,
Normal,974.932,,4,4,254.457,288.4,1.58824,3.4,0.257772,254.206,303.002,,6.94422e-310,6.94422e-310,1.4822e-323,5,93.2,1.9,,6.94422e-310,6.94422e-310,1.4822e-323,4.5,91.5,-0.2,,6.94422e-310,6.94422e-310,1.4822e-323,-1,-1,-2.3,,254.457,288.4,1.58824,4.91363,91.415,3.4,,6.94422e-310,6.94422e-310,1.4822e-323,-1,-1,-6.5,,6.94422e-310,6.94422e-310,1.4822e-323,-1,-1,-8.6,,6.94422e-310,6.94422e-310,1.4822e-323,-1,-1,-10.7,,
Normal,980.023,,4,4,254.817,291.124,1.54054,3.7,0.314044,254.206,303.002,,6.94422e-310,6.94422e-310,1.4822e-323,5,89.825,1.9,,6.94422e-310,6.94422e-310,1.4822e-323,4.5,90.75,-0.2,,6.94422e-310,6.94422e-310,1.4822e-323,-1,-1,-2.3,,254.817,291.124,1.54054,4.96456,90.6575,3.7,,6.94422e-310,6.94422e-310,1.4822e-323,-1,-1,-6.5,,6.94422e-310,6.94422e-310,1.4822e-323,-1,-1,-8.6,,6.94422e-310,6.94422e-310,1.4822e-323,-1,-1,-10.7,,
Normal,985.132,,4,4,254.524,287.706,1.60606,3.3,0.321234,254.206,303.002,,6.94422e-310,6.94422e-310,1.4822e-323,5,93.4,1.9,,6.94422e-310,6.94422e-310,1.4822e-323,4.5,91.75,-0.2,,6.94422e-310,6.94422e-310,1.4822e-323,-1,-1,-2.3,,254.524,287.706,1.60606,4.90066,91.6675,3.3,,6.94422e-310,6.94422e-310,1.4822e-323,-1,-1,-6.5,,6.94422e-310,6.94422e-310,1.4822e-323,-1,-1,-8.6,,6.94422e-310,6.94422e-310,1.4822e-323,-1,-1,-10.7,,
Normal,990.377,,4,4,259.383,297.764,1.51282,3.9,0.454198,254.206,303.002,,6.94422e-310,6.94422e-310,1.4822e-323,5,89.275,1.9,,6.94422e-310,6.94422e-310,1.4822e-323,4.5,90.25,-0.2,,6.94422e-310,6.94422e-310,1.4822e-323,-1,-1,-2.3,,259.383,297.764,1.51282,5.08898,90.1525,3.9,,6.94422e-310,6.94422e-310,1.4822e-323,-1,-1,-6.5,,6.94422e-310,6.94422e-310,1.4822e-323,-1,-1,-8.6,,6.94422e-310,6.94422e-310,1.4822e-323,-1,-1,-10.7,,
Normal,995.507,,4,4,254.502,290.776,1.54054,3.7,0.343082,254.206,303.002,,6.94422e-310,6.94422e-310,1.4822e-323,5,89.825,1.9,,6.94422e-310,6.94422e-310,1.4822e-323,4.5,90.75,-0.2,,6.94422e-310,6.94422e-310,1.4822e-323,-1,-1,-2.3,,254.502,290.776,1.54054,4.95806,90.6575,3.7,,6.94422e-310,6.94422e-310,1.4822e-323,-1,-1,-6.5,,6.94422e-310,6.94422e-310,1.4822e-323,-1,-1,-8.6,,6.94422e-310,6.94422e-310,1.4822e-323,-1,-1,-10.7,,
Normal,1000.55,,4,4,254.267,286.663,1.625,3.2,0.258802,254.206,303.002,,6.94422e-310,6.94422e-310,1.4822e-323,5,93.6,1.9,,6.94422e-310,6.94422e-310,1.4822e-323,4.5,92,-0.2,,6.94422e-310,6.94422e-310,1.4822e-323,-1,-1,-2.3,,254.267,286.663,1.625,4.88118,91.92,3.2,,6.94422e-310,6.94422e-310,1.4822e-323,-1,-1,-6.5,,6.94422e-310,6.94422e-310,1.4822e-323,-1,-1,-8.6,,6.94422e-310,6.94422e-310,1.4822e-323,-1,-1,-10.7,,
Normal,1005.59,,4,4,254.21,291.237,1.52632,3.8,0.273582,254.206,303.002,,6.94422e-310,6.94422e-310,1.4822e-323,5,89.55,1.9,,6.94422e-310,6.94422e-310,1.4822e-323,4.5,90.5,-0.2,,6.94422e-310,6.94422e-310,1.4822e-323,-1,-1,-2.3,,254.21,291.237,1.52632,4.96668,90.405,3.8,,6.94422e-310,6.94422e-310,1.4822e-323,-1,-1,-6.5,,6.94422e-310,6.94422e-310,1.4822e-323,-1,-1,-8.6,,6.94422e-310,6.94422e-310,1.4822e-323,-1,-1,-10.7,,
Normal,1010.67,,4,4,254.866,290.397,1.55556,3.6,0.299215,254.206,303.002,,6.94422e-310,6.94422e-310,1.4822e-323,5,90.1,1.9,,6.94422e-310,6.94422e-310,1.4822e-323,4.5,91,-0.2,,6.94422e-310,6.94422e-310,1.4822e-323,-1,-1,-2.3,,254.866,290.397,1.55556,4.95096,90.91,3.6,,6.94422e-310,6.94422e-310,1.4822e-323,-1,-1,-6.5,,6.94422e-310,6.94422e-310,1.4822e-323,-1,-1,-8.6,,6.94422e-310,6.94422e-310,1.4822e-323,-1,-1,-10.7,,
Normal,1015.86,,4,4,260.861,299.403,1.51282,3.9,0.411266,254.206,303.002,,6.94422e-310,6.94422e-310,1.4822e-323,5,89.275,1.9,,6.94422e-310,6.94422e-310,1.4822e-323,4.5,90.25,-0.2,,6.94422e-310,6.94422e-310,1.4822e-323,-1,-1,-2.3,,260.861,299.403,1.51282,5.11976,90.1525,3.9,,6.94422e-310,6.94422e-310,1.4822e-323,-1,-1,-6.5,,6.94422e-310,6.94422e-310,1.4822e-323,-1,-1,-8.6,,6.94422e-310,6.94422e-310,1.4822e-323,-1,-1,-10.7,,
