Type,Time,,S1_R1,S1_R2,S1_R3,S1_r,S1_Acc,,S2_R2,S2_R2,S2_R3,S2_r,S2_Acc,,S3_R1,S3_R2,S3_R3,S3_r,S3_Acc,,S4_R1,S4_R2,S4_R3,S4_r,S4_Acc,,S5_R1,S5_R2,S5_R3,S5_r,S5_Acc,,S6_R1,S6_R2,S6_R3,S6_r,S6_Acc,,S7_R1,S7_R2,S7_R3,S7_r,S7_Acc,,Best_Config,Best_newState,Best_R1,Best_R2,Best_R3,Best_Speed,LOOP,CLA
Normal,39.9803,,254.673,851.051,1.05279,5,91,,206.42,461.011,0.812267,4,90.91,,461.8,1307.06,1.36181,-1,-1,,200.425,237.484,0.709812,3.88079,90.1,,457.927,1083.54,1.25936,-1,-1,,408.579,693.496,1.00601,-1,-1,,666.082,1539.55,1.55556,-1,-1,,4,4,200.425,237.484,0.709812,3.6,8.7809,195.52
Normal,48.7543,,254.673,851.051,1.05093,5,91,,206.42,461.011,0.811259,4,90.91,,461.8,1307.06,1.35896,-1,-1,,205.106,242.681,0.712656,3.97575,90.1,,462.608,1088.73,1.26035,-1,-1,,413.26,698.692,1.00786,-1,-1,,670.763,1544.74,1.55556,-1,-1,,4,4,205.106,242.681,0.712656,3.6,7.49851,195.52
Normal,57.1191,,254.673,851.051,1.05451,5,91,,206.42,461.011,0.813196,4,90.91,,461.8,1307.06,1.36445,-1,-1,,196.134,232.721,0.707187,3.79392,90.1,,453.636,1078.77,1.25844,-1,-1,,404.288,688.732,1.0043,-1,-1,,661.79,1534.78,1.55556,-1,-1,,4,4,196.134,232.721,0.707187,3.6,5.84743,195.52
Normal,68.1854,,254.673,851.051,1.14611,5,90.25,,206.42,461.011,0.862819,4,90.1525,,461.8,1307.06,1.50514,-1,-1,,0.106778,15.12,1.01148,0.002,89.275,,257.611,861.171,1.70935,-1,-1,,208.262,471.131,1.41324,-1,-1,,465.765,1317.18,2.05556,-1,-1,,2,2,206.42,461.011,0.862819,3.9,6.79095,195.52
Normal,76.8312,,254.673,849.051,1.14097,5,90.25,,205.269,468.458,0.866473,3.97664,90.1525,,460.649,1314.51,1.50518,-1,-1,,0.106778,13.12,1.0099,0.002,89.275,,257.611,859.171,1.70417,-1,-1,,207.102,478.578,1.41685,-1,-1,,464.605,1324.63,2.05556,-1,-1,,2,2,205.269,468.458,0.866473,3.9,5.37819,195.52
Normal,87.1929,,254.673,849.051,1.14296,5,90.25,,203.428,464.372,0.864473,3.93928,90.1525,,458.808,1310.42,1.50516,-1,-1,,0.106778,13.12,1.00994,0.002,89.275,,257.611,859.171,1.70617,-1,-1,,205.245,474.492,1.41487,-1,-1,,462.748,1320.54,2.05556,-1,-1,,2,2,203.428,464.372,0.864473,3.9,5.58564,195.52
Normal,98.2883,,254.673,849.051,1.13684,5,90.25,,209.116,476.994,0.870595,4.05479,90.1525,,464.496,1323.04,1.50518,-1,-1,,0.160165,13.18,1.00989,0.003,89.275,,257.665,859.231,1.70003,-1,-1,,211.035,487.174,1.42097,-1,-1,,468.538,1333.22,2.05556,-1,-1,,2,2,209.116,476.994,0.870595,3.9,6.5696,195.52
Normal,106.447,,254.673,849.051,1.14172,5,90.25,,204.519,466.794,0.865628,3.96142,90.1525,,459.899,1312.85,1.50508,-1,-1,,0.213551,13.24,1.01001,0.004,89.275,,257.719,859.291,1.70502,-1,-1,,206.454,477.034,1.4161,-1,-1,,463.956,1323.09,2.05556,-1,-1,,2,6,204.519,466.794,0.865628,3.9,4.63083,195.52
Normal,116.352,,254.673,849.051,1.04934,5,91,,203.269,464.02,0.813044,3.93606,90.91,,458.649,1310.07,1.36044,-1,-1,,203.151,238.51,0.709873,3.93606,90.1,,460.653,1084.56,1.25727,-1,-1,,408.128,699.53,1.00816,-1,-1,,665.63,1545.58,1.55556,-1,-1,,4,4,203.151,238.51,0.709873,3.6,4.37299,195.52
Normal,126.969,,254.673,851.051,1.05163,5,91,,206.42,461.011,0.811634,4,90.91,,461.8,1307.06,1.36002,-1,-1,,203.36,240.742,0.711597,3.9403,90.1,,460.862,1086.79,1.25998,-1,-1,,411.514,696.753,1.00717,-1,-1,,669.016,1542.8,1.55556,-1,-1,,4,4,203.36,240.742,0.711597,3.6,4.8386,195.52
Normal,137.016,,254.673,851.051,1.05144,5,91,,206.42,461.011,0.811531,4,90.91,,461.8,1307.06,1.35973,-1,-1,,203.84,241.275,0.711889,3.95005,90.1,,461.342,1087.33,1.26008,-1,-1,,411.994,697.287,1.00736,-1,-1,,669.497,1543.34,1.55556,-1,-1,,4,4,203.84,241.275,0.711889,3.6,4.75909,195.52
Normal,146.85,,254.673,851.051,1.05078,5,91,,206.42,461.011,0.811175,4,90.91,,461.8,1307.06,1.35872,-1,-1,,205.502,243.12,0.712896,3.98379,90.1,,463.004,1089.17,1.26044,-1,-1,,413.656,699.131,1.00801,-1,-1,,671.158,1545.18,1.55556,-1,-1,,4,4,205.502,243.12,0.712896,3.6,4.55259,195.52
Normal,156.858,,254.673,851.051,1.06306,5,90.25,,206.42,461.011,0.817829,4,90.1525,,461.8,1307.06,1.37758,-1,-1,,172.994,209.408,0.638546,3.37124,89.275,,432.634,1055.46,1.25385,-1,-1,,383.286,665.419,0.995802,-1,-1,,640.789,1511.47,1.55556,-1,-1,,2,2,206.42,461.011,0.817829,3.9,4.47516,195.52
VIOLATE,166.87,,0.107978,0.359985,1.01541,0.002,90.25,,0.107858,13.24,1.56678,0.002,90.1525,,0.215835,10.6,1.95377,-1,-1,,0.106778,13.12,1.56164,0.002,89.275,,0.214755,10.48,1.94863,-1,-1,,0.214635,23.36,2.5,-1,-1,,0.322613,20.72,2.88699,-1,-1,,2,2,0.108161,13.24,0.817829,3.9,4.47639,195.52
Decide,170.094,,5.39254,17.9781,1.32129,0.002,90.25,,5.38655,24.9854,1.44652,0.002,90.1525,,10.7791,39.9636,2.21419,-1,-1,,5.33262,18.9927,1.33942,0.002,89.275,,10.7252,33.9708,2.1071,-1,-1,,10.7192,40.9781,2.23232,-1,-1,,16.1117,55.9563,3,-1,-1,,2,2,5.40168,24.9854,0.817829,3.9,-1,195.52
Normal,179.235,,0.107978,3.85999,1.7539,0.002,99.8857,,0.108161,4.73999,1.9386,0.002,99.7667,,0.216438,2.09998,1.92297,-1,-1,,0.108098,5.12,2.05556,0.002,99.7667,,0.217275,2.47998,2.03993,-1,-1,,0.217167,3.35999,2.2118,-1,-1,,0.326344,0.719971,2.19617,-1,-1,,0,0,0.107978,3.85999,1.7539,0.1,4.11685,-1
Normal,189.715,,0.161964,4.03997,1.77992,0.003,99.8857,,0.162239,4.85998,1.95104,0.003,99.7667,,0.324653,2.39995,1.97613,-1,-1,,0.162144,5.17999,2.05556,0.003,99.7667,,0.325909,2.71996,2.08065,-1,-1,,0.325747,3.53997,2.23895,-1,-1,,0.489511,1.07994,2.26404,-1,-1,,0,0,0.161964,4.03997,1.77992,0.1,4.44746,-1
Normal,199.719,,0.21595,4.21995,1.80534,0.004,99.8857,,0.216316,4.97997,1.9632,0.004,99.7667,,0.432866,2.69992,2.02807,-1,-1,,0.21619,5.23998,2.05556,0.004,99.7667,,0.434539,2.95994,2.12043,-1,-1,,0.434324,3.71995,2.26547,-1,-1,,0.652673,1.43991,2.33035,-1,-1,,0,7,0.21595,4.21995,1.80534,0.1,4.20894,-1
RECOVER,209.502,,254.673,852.551,1.05502,5,91,,206.42,462.511,0.813921,4,90.91,,461.8,1308.56,1.36471,-1,-1,,206.3,234.006,0.707896,4,90.1,,463.802,1080.06,1.25869,-1,-1,,414.454,690.017,1.00477,-1,-1,,671.956,1536.07,1.55556,-1,-1,,4,11,206.3,234.006,0.707896,3.6,3.74442,-1
Decide,213.43,,266.254,821.082,1.56298,5,91,,208.053,441.048,1.30241,4,90.91,,471.374,1248.05,1.85574,-1,-1,,208.098,223.321,1.15312,4.00085,90.1,,471.419,1031.86,1.70751,-1,-1,,413.221,653.258,1.44791,-1,-1,,675.65,1458.45,2,-1,-1,,4,11,196.674,223.321,0.708678,3.6,-1,-1
Normal,221.768,,254.673,852.551,0.917064,5,91,,359.277,803.916,0.893272,7.24065,90.91,,615.667,1649.97,1.31998,-1,-1,,352.121,400.707,0.696024,7.16195,90.1,,613.975,1246.76,1.16546,-1,-1,,719.787,1198.12,1.14167,-1,-1,,966.071,2044.17,1.5,-1,-1,,6,6,719.787,1198.12,1.14167,3.6,3.30011,413.221
Normal,232.236,,254.673,852.551,1.05757,5,96.2286,,203.74,457.836,0.799424,3.95723,91.6675,,459.693,1303.89,1.36556,-1,-1,,201.701,231.668,0.651511,3.95723,90.925,,461.696,1077.72,1.26038,-1,-1,,413.81,683.004,1.05274,-1,-1,,667.726,1529.05,1.55556,-1,-1,,6,6,413.81,683.004,1.05274,3.3,3.66323,413.221
Normal,242.129,,254.673,852.551,1.05787,5,96.1143,,201.886,453.71,0.796887,3.91952,91.415,,457.833,1299.76,1.36333,-1,-1,,204.632,234.962,0.653749,4.01751,90.65,,464.664,1081.01,1.26292,-1,-1,,413.714,682.172,1.03462,-1,-1,,668.818,1528.22,1.55556,-1,-1,,6,6,413.714,682.172,1.03462,3.4,3.35187,413.221
Normal,252.387,,254.673,852.551,1.05462,5,91,,207.789,466.844,0.803701,4.03967,90.91,,463.752,1312.89,1.36691,-1,-1,,200.918,230.788,0.650137,3.94114,90.1,,460.903,1076.84,1.25608,-1,-1,,413.524,691.132,1.00516,-1,-1,,671.027,1537.18,1.55556,-1,-1,,6,6,413.524,691.132,1.00516,3.6,3.45987,413.221
Normal,262.646,,254.673,852.551,1.05714,5,96.3429,,205.728,462.258,0.802086,3.99768,91.92,,461.686,1308.31,1.3678,-1,-1,,198.804,228.413,0.649268,3.89774,91.2,,458.764,1074.46,1.25772,-1,-1,,414.069,684.17,1.07211,-1,-1,,666.803,1530.22,1.55556,-1,-1,,6,6,414.069,684.17,1.07211,3.2,3.71319,413.221
Normal,272.011,,254.673,852.551,1.05915,5,96.3429,,200.804,451.302,0.79599,3.89753,91.92,,456.748,1297.35,1.3637,-1,-1,,203.658,233.867,0.653383,3.99746,91.2,,463.677,1079.92,1.26383,-1,-1,,414.008,678.669,1.07011,-1,-1,,666.737,1524.72,1.55556,-1,-1,,6,6,414.008,678.669,1.07011,3.2,3.07243,413.221
Normal,282.024,,254.673,852.551,1.05369,5,96,,208.572,468.586,0.804321,4.05563,91.1625,,463.244,1314.64,1.35378,-1,-1,,201.676,231.64,0.650437,3.95671,90.375,,456.348,1077.69,1.1999,-1,-1,,410.247,693.725,0.950536,-1,-1,,687.943,1539.78,1.57143,-1,-1,,7,7,687.943,1539.78,1.57143,3.5,2.97537,675.65
Normal,292.03,,254.224,851.054,1.05901,4.99066,96,,200.567,450.776,0.79609,3.89272,91.1625,,454.791,1295.33,1.35083,-1,-1,,203.418,233.598,0.653438,3.99253,90.375,,457.642,1078.15,1.20818,-1,-1,,403.985,677.873,0.945258,-1,-1,,681.117,1522.43,1.57143,-1,-1,,7,7,681.117,1522.43,1.57143,3.5,2.96289,675.65
Normal,302.032,,249.546,835.459,1.05033,4.89344,96,,205.579,461.927,0.80428,3.99465,91.1625,,455.125,1290.89,1.35033,-1,-1,,203.521,233.713,0.653951,3.99465,90.375,,453.067,1062.67,1.2,-1,-1,,409.1,689.14,0.953949,-1,-1,,681.314,1518.1,1.57143,-1,-1,,7,7,681.314,1518.1,1.57143,3.5,2.95191,675.65
Normal,313.07,,253.634,849.086,1.05388,4.97838,96,,205.951,462.755,0.801868,4.00223,91.1625,,459.585,1305.34,1.35151,-1,-1,,203.889,234.127,0.652728,4.00223,90.375,,457.523,1076.71,1.20237,-1,-1,,409.841,690.382,0.950356,-1,-1,,686.425,1532.97,1.57143,-1,-1,,7,7,686.425,1532.97,1.57143,3.5,3.74506,675.65
Normal,323.161,,249.006,833.657,1.05635,4.88222,96.5714,,200.229,450.023,0.800327,3.88585,93,,450.489,1277.18,1.36516,-1,-1,,198.225,227.762,0.651999,3.88585,93,,452.447,1054.92,1.25957,-1,-1,,414.267,671.285,1.11466,-1,-1,,654.926,1498.44,1.55556,-1,-1,,6,6,414.267,671.285,1.11466,3,3.80003,413.221
Normal,333.709,,254.673,852.551,1.05713,5,96.1143,,204.097,458.63,0.79971,3.96449,91.415,,460.051,1304.68,1.36542,-1,-1,,202.054,232.065,0.651652,3.96449,90.65,,462.054,1078.12,1.26009,-1,-1,,413.337,684.195,1.03535,-1,-1,,668.444,1530.25,1.55556,-1,-1,,6,6,413.337,684.195,1.03535,3.4,3.75048,413.221
Normal,343.875,,254.673,852.551,1.056,5,96,,205.035,460.717,0.800459,3.98358,91.1625,,460.991,1306.77,1.36504,-1,-1,,202.983,233.108,0.652023,3.98358,90.375,,462.994,1079.16,1.25934,-1,-1,,414.033,687.325,1.01967,-1,-1,,670.333,1533.38,1.55556,-1,-1,,6,6,414.033,687.325,1.01967,3.5,3.87818,413.221
Normal,354.085,,254.673,852.551,1.05911,5,96.4571,,202.477,455.026,0.798409,3.93154,92.1725,,458.426,1301.08,1.36608,-1,-1,,200.45,230.263,0.651008,3.93154,91.475,,460.43,1076.31,1.26141,-1,-1,,413.62,678.788,1.09032,-1,-1,,665.182,1524.84,1.55556,-1,-1,,6,6,413.62,678.788,1.09032,3.1,3.91398,413.221
Normal,364.645,,254.673,852.551,1.054,5,91,,206.692,464.402,0.801775,4.01731,90.91,,462.652,1310.45,1.36437,-1,-1,,204.622,234.951,0.652674,4.01731,90.1,,464.654,1081,1.258,-1,-1,,416.165,692.853,1.00578,-1,-1,,673.667,1538.9,1.55556,-1,-1,,6,6,416.165,692.853,1.00578,3.6,4.26902,413.221
Normal,374.292,,254.673,852.551,1.05623,5,96,,204.842,460.287,0.800305,3.97965,91.1625,,460.798,1306.34,1.36511,-1,-1,,202.792,232.894,0.651947,3.97965,90.375,,462.8,1078.94,1.25949,-1,-1,,413.643,686.681,1.01944,-1,-1,,669.944,1532.73,1.55556,-1,-1,,6,6,413.643,686.681,1.01944,3.5,3.86401,413.221
Normal,384.692,,254.673,852.551,1.06484,5,91,,202.696,455.512,0.801791,3.93599,90.91,,458.646,1301.56,1.37515,-1,-1,,186.247,214.301,0.641981,3.64079,90.1,,446.051,1060.35,1.25807,-1,-1,,413.433,663.314,1.39185,-1,-1,,651.025,1509.36,1.55556,-1,-1,,5,5,446.051,1060.35,1.25807,3.6,4.10153,413.221
Normal,394.986,,251.256,841.159,1.05313,4.92895,96.3429,,207.89,467.07,0.807135,4.04174,91.92,,460.428,1301.73,1.36881,-1,-1,,196.212,225.5,0.648284,3.84458,91.2,,452.685,1060.16,1.25269,-1,-1,,413.624,686.07,1.07615,-1,-1,,662.911,1520.73,1.55556,-1,-1,,6,6,413.624,686.07,1.07615,3.2,4.25174,413.221
Normal,404.878,,254.673,852.551,1.05609,5,96,,204.957,460.543,0.800397,3.98199,91.1625,,460.913,1306.59,1.36507,-1,-1,,202.905,233.022,0.651992,3.98199,90.375,,462.916,1079.07,1.2594,-1,-1,,413.876,687.065,1.01958,-1,-1,,670.175,1533.12,1.55556,-1,-1,,6,6,413.876,687.065,1.01958,3.5,4.09835,413.221
Normal,414.808,,254.673,852.551,1.06019,5,96.5714,,203.215,456.667,0.800064,3.94654,93,,459.166,1302.72,1.3688,-1,-1,,196.373,225.681,0.648289,3.84788,93,,456.303,1071.73,1.25976,-1,-1,,415.421,675.848,1.11075,-1,-1,,661.801,1521.9,1.55556,-1,-1,,6,6,415.421,675.848,1.11075,3,3.893,413.221
Normal,424.978,,254.673,852.551,1.05354,5,91,,207.071,465.246,0.802075,4.02504,90.91,,463.033,1311.3,1.36422,-1,-1,,204.998,235.373,0.652823,4.02504,90.1,,465.034,1081.42,1.2577,-1,-1,,416.929,694.12,1.00623,-1,-1,,674.431,1540.17,1.55556,-1,-1,,6,6,416.929,694.12,1.00623,3.6,3.87657,413.221
Normal,435.291,,254.673,852.551,1.06089,5,96.5714,,202.637,455.381,0.799596,3.93479,93,,458.587,1301.43,1.36903,-1,-1,,195.814,225.053,0.648062,3.83642,93,,455.737,1071.1,1.26024,-1,-1,,414.239,673.934,1.11005,-1,-1,,660.65,1519.98,1.55556,-1,-1,,6,6,414.239,673.934,1.11005,3,4.02403,413.221
Normal,445.385,,254.673,852.551,1.05648,5,96,,204.634,459.824,0.800139,3.97541,91.1625,,460.589,1305.87,1.3652,-1,-1,,202.585,232.662,0.651864,3.97541,90.375,,462.592,1078.71,1.25966,-1,-1,,413.223,685.986,1.01919,-1,-1,,669.524,1532.04,1.55556,-1,-1,,6,6,413.223,685.986,1.01919,3.5,4.05572,413.221
Normal,455.286,,254.673,852.551,1.05513,5,91,,204.128,458.698,0.798678,3.96511,90.91,,460.081,1304.75,1.3624,-1,-1,,206.901,237.512,0.654654,4.06423,90.1,,466.961,1083.56,1.26111,-1,-1,,415.879,689.71,1.00466,-1,-1,,673.382,1535.76,1.55556,-1,-1,,6,6,415.879,689.71,1.00466,3.6,3.86929,413.221
Normal,465.768,,254.673,852.551,1.05483,5,96,,207.611,466.447,0.80356,4.03604,91.1625,,463.574,1312.5,1.36698,-1,-1,,200.745,230.594,0.650069,3.9376,90.375,,460.729,1076.65,1.25623,-1,-1,,414.373,690.542,1.02083,-1,-1,,670.672,1536.59,1.55556,-1,-1,,6,6,414.373,690.542,1.02083,3.5,4.19278,413.221
Normal,475.586,,254.673,852.551,1.05851,5,96.2286,,201.366,452.553,0.796469,3.90895,91.6675,,457.312,1298.6,1.36354,-1,-1,,204.106,234.371,0.653537,4.00668,90.925,,464.131,1080.42,1.26334,-1,-1,,413.845,680.423,1.05181,-1,-1,,667.759,1526.47,1.55556,-1,-1,,6,6,413.845,680.423,1.05181,3.3,3.77786,413.221
Normal,485.951,,254.673,852.551,1.06052,5,96.5714,,199.696,448.836,0.795095,3.87502,93,,455.637,1294.89,1.36416,-1,-1,,202.535,232.605,0.65293,3.97437,93,,462.54,1078.66,1.26473,-1,-1,,418.219,674.942,1.11042,-1,-1,,664.48,1520.99,1.55556,-1,-1,,6,6,418.219,674.942,1.11042,3,4.07805,413.221
Normal,495.674,,254.673,852.551,1.05758,5,96.2286,,203.73,457.813,0.799416,3.95702,91.6675,,459.683,1303.86,1.36557,-1,-1,,201.691,231.657,0.651506,3.95702,90.925,,461.686,1077.71,1.26039,-1,-1,,413.789,682.97,1.05273,-1,-1,,667.705,1529.02,1.55556,-1,-1,,6,6,413.789,682.97,1.05273,3.3,3.69328,413.221
Normal,505.678,,254.673,852.551,1.05653,5,96.2286,,206.192,463.291,0.802431,4.00714,91.6675,,462.152,1309.34,1.36754,-1,-1,,199.372,229.051,0.649522,3.9094,90.925,,459.339,1075.1,1.25737,-1,-1,,413.931,685.842,1.05377,-1,-1,,667.847,1531.89,1.55556,-1,-1,,6,6,413.931,685.842,1.05377,3.3,3.46499,413.221
Normal,515.729,,254.673,852.551,1.0551,5,91,,205.78,462.374,0.801052,3.99874,90.91,,461.738,1308.42,1.36474,-1,-1,,203.72,233.937,0.652316,3.99874,90.1,,463.74,1079.99,1.25874,-1,-1,,414.329,689.81,1.00469,-1,-1,,671.832,1535.86,1.55556,-1,-1,,6,6,414.329,689.81,1.00469,3.6,3.51248,413.221
Normal,525.609,,254.673,852.551,1.05626,5,96,,204.82,460.238,0.800288,3.9792,91.1625,,460.775,1306.29,1.36512,-1,-1,,202.77,232.869,0.651938,3.9792,90.375,,462.778,1078.92,1.25951,-1,-1,,413.599,686.607,1.01941,-1,-1,,669.899,1532.66,1.55556,-1,-1,,6,6,413.599,686.607,1.01941,3.5,3.3406,413.221
Normal,535.914,,254.673,852.551,1.05806,5,96.3429,,203.335,456.935,0.799099,3.94899,91.92,,459.287,1302.99,1.36573,-1,-1,,201.3,231.217,0.65135,3.94899,91.2,,461.29,1077.27,1.26071,-1,-1,,414.18,681.652,1.07119,-1,-1,,666.91,1527.7,1.55556,-1,-1,,6,6,414.18,681.652,1.07119,3.2,3.51666,413.221
Normal,545.843,,254.673,852.551,1.05645,5,96,,204.657,459.876,0.800158,3.97589,91.1625,,460.612,1305.93,1.36519,-1,-1,,202.609,232.688,0.651874,3.97589,90.375,,462.615,1078.74,1.25964,-1,-1,,413.27,686.064,1.01922,-1,-1,,669.572,1532.12,1.55556,-1,-1,,6,6,413.27,686.064,1.01922,3.5,3.38535,413.221
Normal,556.121,,254.673,852.551,1.05903,5,96.4571,,202.539,455.162,0.798458,3.93279,92.1725,,458.488,1301.21,1.36605,-1,-1,,200.511,230.331,0.651032,3.93279,91.475,,460.492,1076.38,1.26136,-1,-1,,413.746,678.993,1.09039,-1,-1,,665.306,1525.04,1.55556,-1,-1,,6,6,413.746,678.993,1.09039,3.1,3.49153,413.221
Normal,565.819,,254.673,852.551,1.05575,5,91,,205.241,461.174,0.800623,3.98776,90.91,,461.197,1307.22,1.36495,-1,-1,,203.186,233.337,0.652104,3.98776,90.1,,463.2,1079.39,1.25917,-1,-1,,413.244,688.011,1.00405,-1,-1,,670.746,1534.06,1.55556,-1,-1,,6,6,413.244,688.011,1.00405,3.6,3.15912,413.221
Normal,575.348,,254.673,852.551,1.05981,5,96.5714,,201.908,453.758,0.797949,3.91996,93,,457.855,1299.81,1.36631,-1,-1,,199.886,229.629,0.65078,3.91996,93,,459.859,1075.68,1.26187,-1,-1,,417.74,676.887,1.11113,-1,-1,,664.036,1522.94,1.55556,-1,-1,,6,6,417.74,676.887,1.11113,3,2.48418,413.221
Normal,585.17,,254.673,852.551,1.05576,5,96,,205.226,461.142,0.800611,3.98747,91.1625,,461.183,1307.19,1.36496,-1,-1,,203.172,233.321,0.652098,3.98747,90.375,,463.185,1079.37,1.25918,-1,-1,,414.419,687.963,1.0199,-1,-1,,670.717,1534.01,1.55556,-1,-1,,6,6,414.419,687.963,1.0199,3.5,2.27427,413.221
Normal,595.381,,254.673,852.551,1.05711,5,96.1143,,204.117,458.674,0.799726,3.96489,91.415,,460.07,1304.72,1.36541,-1,-1,,202.074,232.087,0.65166,3.96489,90.65,,462.073,1078.14,1.26008,-1,-1,,413.377,684.26,1.03537,-1,-1,,668.484,1530.31,1.55556,-1,-1,,6,6,413.377,684.26,1.03537,3.4,2.39675,413.221
Normal,605.211,,254.673,852.551,1.05366,5,91,,206.97,465.022,0.801995,4.02299,90.91,,462.932,1311.07,1.36426,-1,-1,,204.898,235.261,0.652783,4.02299,90.1,,464.933,1081.31,1.25778,-1,-1,,416.726,693.784,1.00611,-1,-1,,674.229,1539.83,1.55556,-1,-1,,6,6,416.726,693.784,1.00611,3.6,2.03608,413.221
Normal,615.035,,254.673,852.551,1.05693,5,96.1143,,204.266,459.005,0.799845,3.96792,91.415,,460.22,1305.06,1.36535,-1,-1,,202.221,232.252,0.651719,3.96792,90.65,,462.223,1078.3,1.25996,-1,-1,,413.678,684.757,1.03555,-1,-1,,668.783,1530.81,1.55556,-1,-1,,6,6,413.678,684.757,1.03555,3.4,1.77864,413.221
Normal,625.231,,254.673,852.551,1.05685,5,96.1143,,204.329,459.145,0.799895,3.9692,91.415,,460.283,1305.2,1.36532,-1,-1,,202.283,232.322,0.651744,3.9692,90.65,,462.286,1078.37,1.25991,-1,-1,,413.806,684.967,1.03563,-1,-1,,668.91,1531.02,1.55556,-1,-1,,6,6,413.806,684.967,1.03563,3.4,1.8976,413.221
Normal,635.588,,254.673,852.551,1.05378,5,91,,206.874,464.808,0.801919,4.02103,90.91,,462.835,1310.86,1.3643,-1,-1,,204.803,235.154,0.652746,4.02103,90.1,,464.837,1081.21,1.25786,-1,-1,,416.533,693.463,1.006,-1,-1,,674.035,1539.51,1.55556,-1,-1,,6,6,416.533,693.463,1.006,3.6,2.05765,413.221
Normal,645.869,,254.673,852.551,1.05735,5,96.2286,,203.921,458.238,0.799569,3.96091,91.6675,,459.874,1304.29,1.36549,-1,-1,,201.88,231.869,0.651582,3.96091,90.925,,461.877,1077.92,1.26024,-1,-1,,414.177,683.608,1.05296,-1,-1,,668.09,1529.66,1.55556,-1,-1,,6,6,414.177,683.608,1.05296,3.3,2.24001,413.221
Normal,655.852,,254.673,852.551,1.05586,5,96,,205.146,460.963,0.800547,3.98583,91.1625,,461.102,1307.01,1.36499,-1,-1,,203.092,233.231,0.652067,3.98583,90.375,,463.105,1079.28,1.25925,-1,-1,,414.256,687.694,1.0198,-1,-1,,670.555,1533.75,1.55556,-1,-1,,6,6,414.256,687.694,1.0198,3.5,2.18808,413.221
Normal,666.861,,254.673,852.551,1.06051,5,96.5714,,201.339,452.493,0.797489,3.9084,93,,457.285,1298.54,1.36654,-1,-1,,199.323,228.996,0.650552,3.9084,93,,459.289,1075.05,1.26234,-1,-1,,416.564,674.989,1.11043,-1,-1,,662.89,1521.04,1.55556,-1,-1,,6,6,416.564,674.989,1.11043,3,2.96249,413.221
Normal,675.839,,254.673,852.551,1.05505,5,91,,205.822,462.468,0.801085,3.9996,90.91,,461.78,1308.52,1.36472,-1,-1,,203.762,233.984,0.652333,3.9996,90.1,,463.782,1080.03,1.2587,-1,-1,,414.414,689.951,1.00474,-1,-1,,671.917,1536,1.55556,-1,-1,,6,6,414.414,689.951,1.00474,3.6,1.93944,413.221
Normal,688.143,,254.673,852.551,1.05867,5,96.2286,,201.233,452.257,0.796362,3.90625,91.6675,,457.179,1298.31,1.3636,-1,-1,,203.971,234.219,0.653483,4.00391,90.925,,463.994,1080.27,1.26345,-1,-1,,413.572,679.976,1.05165,-1,-1,,667.489,1526.03,1.55556,-1,-1,,6,6,413.572,679.976,1.05165,3.3,4.0036,413.221
Normal,697.135,,254.673,852.551,1.05813,5,96.4571,,204.911,460.441,0.801431,3.98106,92.1725,,460.867,1306.49,1.36813,-1,-1,,198.014,227.525,0.648951,3.88153,91.475,,457.964,1073.58,1.25838,-1,-1,,413.612,681.466,1.09129,-1,-1,,665.177,1527.52,1.55556,-1,-1,,6,6,413.612,681.466,1.09129,3.1,2.94755,413.221
Normal,707.304,,254.673,852.551,1.05469,5,91,,206.116,463.122,0.801319,4.00559,90.91,,462.075,1309.17,1.3646,-1,-1,,204.053,234.311,0.652449,4.00559,90.1,,464.077,1080.36,1.25847,-1,-1,,415.007,690.933,1.00509,-1,-1,,672.509,1536.98,1.55556,-1,-1,,6,6,415.007,690.933,1.00509,3.6,2.88137,413.221
Normal,717.362,,254.673,852.551,1.05917,5,96.4571,,202.424,454.907,0.798366,3.93046,92.1725,,458.373,1300.96,1.3661,-1,-1,,200.398,230.204,0.650987,3.93046,91.475,,460.377,1076.25,1.26145,-1,-1,,413.512,678.611,1.09025,-1,-1,,665.076,1524.66,1.55556,-1,-1,,6,6,413.512,678.611,1.09025,3.1,2.76157,413.221
Normal,728.52,,254.673,852.551,1.05627,5,96,,204.809,460.213,0.800279,3.97897,91.1625,,460.764,1306.26,1.36513,-1,-1,,202.758,232.857,0.651934,3.97897,90.375,,462.767,1078.91,1.25952,-1,-1,,413.576,686.57,1.0194,-1,-1,,669.877,1532.62,1.55556,-1,-1,,6,6,413.576,686.57,1.0194,3.5,3.86717,413.221
Normal,737.434,,254.673,852.551,1.05479,5,91,,207.644,466.521,0.803586,4.03671,90.91,,463.607,1312.57,1.36697,-1,-1,,200.777,230.63,0.650081,3.93825,90.1,,460.761,1076.68,1.2562,-1,-1,,413.235,690.65,1.00499,-1,-1,,670.737,1536.7,1.55556,-1,-1,,6,6,413.235,690.65,1.00499,3.6,2.62418,413.221
Normal,747.427,,254.673,852.551,1.05683,5,96,,202.74,455.609,0.797571,3.93687,91.1625,,458.689,1301.66,1.36297,-1,-1,,205.496,235.933,0.654094,4.03529,90.375,,465.538,1081.98,1.26223,-1,-1,,414.257,685.042,1.01885,-1,-1,,670.555,1531.09,1.55556,-1,-1,,6,6,414.257,685.042,1.01885,3.5,2.45691,413.221
Normal,757.378,,254.673,852.551,1.05509,5,91,,205.785,462.386,0.801056,3.99885,90.91,,461.743,1308.44,1.36473,-1,-1,,203.725,233.943,0.652318,3.99885,90.1,,463.745,1079.99,1.25873,-1,-1,,414.34,689.828,1.0047,-1,-1,,671.843,1535.88,1.55556,-1,-1,,6,6,414.34,689.828,1.0047,3.6,2.40492,413.221
Normal,767.629,,254.673,852.551,1.05951,5,96.5714,,202.147,454.291,0.798143,3.92483,93,,458.095,1300.34,1.36621,-1,-1,,200.124,229.896,0.650876,3.92483,93,,460.099,1075.95,1.26168,-1,-1,,418.236,677.687,1.11142,-1,-1,,664.518,1523.74,1.55556,-1,-1,,6,6,418.236,677.687,1.11142,3,2.46494,413.221
Normal,777.864,,254.673,852.551,1.055,5,91,,205.86,462.552,0.801115,4.00037,90.91,,461.818,1308.6,1.3647,-1,-1,,203.799,234.026,0.652348,4.00037,90.1,,463.82,1080.08,1.25867,-1,-1,,414.49,690.078,1.00479,-1,-1,,671.993,1536.13,1.55556,-1,-1,,6,6,414.49,690.078,1.00479,3.6,2.45015,413.221
Normal,789.076,,254.673,852.551,1.05481,5,91,,206.019,462.907,0.801242,4.00362,90.91,,461.978,1308.96,1.36464,-1,-1,,203.957,234.203,0.652411,4.00362,90.1,,463.98,1080.25,1.25854,-1,-1,,414.812,690.61,1.00498,-1,-1,,672.314,1536.66,1.55556,-1,-1,,6,6,414.812,690.61,1.00498,3.6,3.4215,413.221
Normal,798.664,,254.673,852.551,1.0598,5,96.5714,,201.912,453.767,0.797952,3.92004,93,,457.859,1299.82,1.36631,-1,-1,,199.89,229.633,0.650782,3.92004,93,,459.863,1075.68,1.26187,-1,-1,,417.748,676.9,1.11113,-1,-1,,664.044,1522.95,1.55556,-1,-1,,6,6,417.748,676.9,1.11113,3,2.80569,413.221
Normal,809.242,,254.673,852.551,1.0514,5,91,,208.866,469.241,0.803488,4.06164,90.91,,464.833,1315.29,1.3635,-1,-1,,206.775,237.371,0.653522,4.06164,90.1,,466.833,1083.42,1.25627,-1,-1,,420.544,700.112,1.00836,-1,-1,,678.046,1546.16,1.55556,-1,-1,,6,6,420.544,700.112,1.00836,3.6,3.28968,413.221
Normal,818.308,,254.673,852.551,1.05696,5,96.1143,,204.24,458.947,0.799824,3.96739,91.415,,460.194,1305,1.36536,-1,-1,,202.195,232.224,0.651709,3.96739,90.65,,462.197,1078.27,1.25998,-1,-1,,413.625,684.671,1.03552,-1,-1,,668.731,1530.72,1.55556,-1,-1,,6,6,413.625,684.671,1.03552,3.4,2.27336,413.221
Normal,828.555,,254.673,852.551,1.05666,5,96.1143,,204.488,459.499,0.800022,3.97244,91.415,,460.442,1305.55,1.36526,-1,-1,,202.441,232.5,0.651807,3.97244,90.65,,462.445,1078.55,1.25978,-1,-1,,414.128,685.499,1.03582,-1,-1,,669.231,1531.55,1.55556,-1,-1,,6,6,414.128,685.499,1.03582,3.4,2.45109,413.221
Normal,838.649,,254.673,852.551,1.06074,5,96.5714,,201.147,452.065,0.797333,3.90449,93,,457.092,1298.12,1.36662,-1,-1,,199.133,228.782,0.650475,3.90449,93,,459.097,1074.83,1.2625,-1,-1,,416.165,674.347,1.1102,-1,-1,,662.503,1520.4,1.55556,-1,-1,,6,6,416.165,674.347,1.1102,3,2.30078,413.221
Normal,849.127,,254.673,852.551,1.05136,5,91,,208.9,469.315,0.803514,4.06232,90.91,,464.867,1315.37,1.36349,-1,-1,,206.808,237.408,0.653535,4.06232,90.1,,466.867,1083.46,1.25625,-1,-1,,420.611,700.223,1.0084,-1,-1,,678.113,1546.27,1.55556,-1,-1,,6,6,420.611,700.223,1.0084,3.6,2.68589,413.221
Normal,858.853,,254.673,852.551,1.06039,5,96.5714,,201.432,452.7,0.797564,3.91029,93,,457.378,1298.75,1.3665,-1,-1,,199.416,229.1,0.65059,3.91029,93,,459.383,1075.15,1.26226,-1,-1,,416.756,675.299,1.11055,-1,-1,,663.078,1521.35,1.55556,-1,-1,,6,6,416.756,675.299,1.11055,3,2.18212,413.221
Normal,869.136,,254.673,852.551,1.05435,5,91,,206.398,463.75,0.801543,4.01134,90.91,,462.358,1309.8,1.36449,-1,-1,,204.332,234.625,0.652559,4.01134,90.1,,464.36,1080.68,1.25824,-1,-1,,415.575,691.875,1.00543,-1,-1,,673.077,1537.93,1.55556,-1,-1,,6,6,415.575,691.875,1.00543,3.6,2.24381,413.221
Normal,879.541,,254.673,852.551,1.05602,5,96,,205.016,460.674,0.800444,3.98319,91.1625,,460.972,1306.73,1.36504,-1,-1,,202.964,233.087,0.652015,3.98319,90.375,,462.975,1079.14,1.25935,-1,-1,,413.995,687.261,1.01965,-1,-1,,670.294,1533.31,1.55556,-1,-1,,6,6,413.995,687.261,1.01965,3.5,2.60687,413.221
Normal,889.344,,254.673,852.551,1.05859,5,96.3429,,202.904,455.974,0.798752,3.94021,91.92,,458.854,1302.03,1.3659,-1,-1,,200.872,230.737,0.651178,3.94021,91.2,,460.858,1076.79,1.26106,-1,-1,,413.301,680.211,1.07067,-1,-1,,666.041,1526.26,1.55556,-1,-1,,6,6,413.301,680.211,1.07067,3.2,2.2581,413.221
Normal,899.5,,254.673,852.551,1.0563,5,96,,204.786,460.163,0.800261,3.97851,91.1625,,460.741,1306.21,1.36514,-1,-1,,202.736,232.831,0.651925,3.97851,90.375,,462.744,1078.88,1.25954,-1,-1,,413.53,686.494,1.01937,-1,-1,,669.831,1532.54,1.55556,-1,-1,,6,6,413.53,686.494,1.01937,3.5,2.35978,413.221
Normal,909.499,,254.673,852.551,1.05677,5,96,,202.782,455.703,0.797605,3.93773,91.1625,,458.731,1301.75,1.36295,-1,-1,,205.539,235.981,0.654111,4.03617,90.375,,465.581,1082.03,1.2622,-1,-1,,414.344,685.184,1.0189,-1,-1,,670.641,1531.23,1.55556,-1,-1,,6,6,414.344,685.184,1.0189,3.5,2.20107,413.221
Normal,920.245,,254.673,852.551,1.05889,5,96.5714,,205.857,462.546,0.803222,4.00032,93,,461.816,1308.6,1.37067,-1,-1,,194.289,223.339,0.64641,3.80518,93,,454.193,1069.39,1.25659,-1,-1,,415.977,679.385,1.11204,-1,-1,,662.363,1525.44,1.55556,-1,-1,,6,6,415.977,679.385,1.11204,3,2.69801,413.221
Normal,930.357,,254.673,852.551,1.05856,5,96.2286,,201.324,452.46,0.796436,3.9081,91.6675,,457.27,1298.51,1.36356,-1,-1,,204.063,234.322,0.65352,4.0058,90.925,,464.087,1080.37,1.26338,-1,-1,,413.759,680.282,1.05176,-1,-1,,667.674,1526.33,1.55556,-1,-1,,6,6,413.759,680.282,1.05176,3.3,2.57437,413.221
Normal,940.381,,254.673,852.551,1.05382,5,91,,208.458,468.332,0.804231,4.05331,90.91,,464.423,1314.38,1.36665,-1,-1,,201.566,231.516,0.650394,3.95445,90.1,,461.559,1077.57,1.25555,-1,-1,,414.857,693.348,1.00596,-1,-1,,672.359,1539.4,1.55556,-1,-1,,6,6,414.857,693.348,1.00596,3.6,2.48391,413.221
Normal,950.228,,254.673,852.551,1.06363,5,96.5714,,195.536,439.581,0.790613,3.79063,93,,451.465,1285.63,1.36277,-1,-1,,203.301,233.466,0.654348,3.99013,93,,463.316,1079.52,1.26924,-1,-1,,414.717,666.547,1.10733,-1,-1,,661.049,1512.6,1.55556,-1,-1,,6,6,414.717,666.547,1.10733,3,2.30611,413.221
Normal,960.482,,254.673,852.551,1.05346,5,91,,208.763,469.012,0.804472,4.05954,90.91,,464.73,1315.06,1.36653,-1,-1,,201.861,231.848,0.650511,3.96053,90.1,,461.859,1077.9,1.2553,-1,-1,,415.465,694.361,1.00632,-1,-1,,672.967,1540.41,1.55556,-1,-1,,6,6,415.465,694.361,1.00632,3.6,2.46038,413.221
Normal,970.278,,254.673,852.551,1.05905,5,96.3429,,200.887,451.486,0.796057,3.89921,91.92,,456.831,1297.54,1.36367,-1,-1,,203.742,233.961,0.653417,3.99919,91.2,,463.762,1080.01,1.26376,-1,-1,,414.179,678.948,1.07021,-1,-1,,666.906,1525,1.55556,-1,-1,,6,6,414.179,678.948,1.07021,3.2,2.25425,413.221
Normal,980.624,,254.673,852.551,1.05616,5,96,,204.902,460.421,0.800353,3.98087,91.1625,,460.858,1306.47,1.36509,-1,-1,,202.851,232.96,0.65197,3.98087,90.375,,462.86,1079.01,1.25944,-1,-1,,413.764,686.881,1.01951,-1,-1,,670.065,1532.93,1.55556,-1,-1,,6,6,413.764,686.881,1.01951,3.5,2.55045,413.221
Normal,990.476,,254.673,852.551,1.05328,5,91,,208.916,469.351,0.804592,4.06265,90.91,,464.883,1315.4,1.36647,-1,-1,,202.009,232.014,0.650569,3.96356,90.1,,462.008,1078.06,1.25518,-1,-1,,415.769,694.866,1.0065,-1,-1,,673.271,1540.92,1.55556,-1,-1,,6,6,415.769,694.866,1.0065,3.6,2.31216,413.221
Normal,1000.72,,254.673,852.551,1.05564,5,91,,203.707,457.761,0.798343,3.95654,90.91,,459.659,1303.81,1.36257,-1,-1,,206.475,237.033,0.654485,4.05546,90.1,,466.53,1083.08,1.26145,-1,-1,,415.022,688.294,1.00415,-1,-1,,672.525,1534.34,1.55556,-1,-1,,6,6,415.022,688.294,1.00415,3.6,2.44235,413.221
Normal,1011.32,,254.673,852.551,1.06041,5,96.5714,,201.42,452.672,0.797554,3.91004,93,,457.366,1298.72,1.36651,-1,-1,,199.403,229.086,0.650585,3.91004,93,,459.37,1075.14,1.26227,-1,-1,,416.731,675.258,1.11053,-1,-1,,663.053,1521.31,1.55556,-1,-1,,6,6,416.731,675.258,1.11053,3,2.81934,413.221
Normal,1021.37,,254.673,852.551,1.05177,5,91,,208.551,468.539,0.80324,4.0552,90.91,,464.516,1314.59,1.36363,-1,-1,,206.463,237.019,0.6534,4.0552,90.1,,466.517,1083.07,1.25652,-1,-1,,419.908,699.058,1.00799,-1,-1,,677.41,1545.11,1.55556,-1,-1,,6,6,419.908,699.058,1.00799,3.6,2.75714,413.221
Normal,1031.94,,254.673,852.551,1.05815,5,96.4571,,204.898,460.411,0.80142,3.98078,92.1725,,460.853,1306.46,1.36813,-1,-1,,198.001,227.51,0.648946,3.88126,91.475,,457.951,1073.56,1.25839,-1,-1,,413.584,681.421,1.09127,-1,-1,,665.15,1527.47,1.55556,-1,-1,,6,6,413.584,681.421,1.09127,3.1,3.27775,413.221
Normal,1041.4,,254.673,852.551,1.05666,5,96.1143,,204.486,459.496,0.800021,3.97241,91.415,,460.441,1305.55,1.36526,-1,-1,,202.439,232.498,0.651806,3.97241,90.65,,462.444,1078.55,1.25978,-1,-1,,414.125,685.494,1.03582,-1,-1,,669.228,1531.54,1.55556,-1,-1,,6,6,414.125,685.494,1.03582,3.4,2.66689,413.221
Normal,1051.47,,254.673,852.551,1.05986,5,96.5714,,201.864,453.66,0.797913,3.91906,93,,457.811,1299.71,1.36633,-1,-1,,199.843,229.58,0.650763,3.91906,93,,459.815,1075.63,1.26191,-1,-1,,417.649,676.739,1.11107,-1,-1,,663.946,1522.79,1.55556,-1,-1,,6,6,417.649,676.739,1.11107,3,2.53186,413.221
Normal,1062.37,,254.673,852.551,1.05885,5,96.5714,,204.317,459.12,0.800954,3.96897,93,,460.271,1305.17,1.36836,-1,-1,,197.44,226.88,0.64872,3.86975,93,,457.382,1072.93,1.25886,-1,-1,,417.676,679.499,1.11208,-1,-1,,663.995,1525.55,1.55556,-1,-1,,6,6,417.676,679.499,1.11208,3,3.35391,413.221
Normal,1071.86,,254.673,852.551,1.05258,5,91,,207.876,467.038,0.80271,4.04145,90.91,,463.84,1313.09,1.3639,-1,-1,,205.795,236.269,0.653137,4.04145,90.1,,465.841,1082.32,1.25706,-1,-1,,418.55,696.807,1.00719,-1,-1,,676.052,1542.86,1.55556,-1,-1,,6,6,418.55,696.807,1.00719,3.6,2.70106,413.221
Normal,1081.94,,254.673,852.551,1.06075,5,96.5714,,201.144,452.059,0.797331,3.90444,93,,457.089,1298.11,1.36662,-1,-1,,199.131,228.78,0.650474,3.90444,93,,459.094,1074.83,1.2625,-1,-1,,416.16,674.339,1.1102,-1,-1,,662.498,1520.39,1.55556,-1,-1,,6,6,416.16,674.339,1.1102,3,2.52863,413.221
Normal,1092.43,,254.673,852.551,1.05648,5,96,,204.635,459.826,0.80014,3.97543,91.1625,,460.59,1305.88,1.3652,-1,-1,,202.586,232.663,0.651865,3.97543,90.375,,462.593,1078.71,1.25966,-1,-1,,413.225,685.989,1.01919,-1,-1,,669.526,1532.04,1.55556,-1,-1,,6,6,413.225,685.989,1.01919,3.5,2.95859,413.221
Normal,1102.24,,254.673,852.551,1.06289,5,96.5714,,196.21,441.079,0.791218,3.80428,93,,452.141,1287.13,1.36263,-1,-1,,203.75,233.971,0.654477,3.99937,93,,463.771,1080.02,1.26863,-1,-1,,415.883,668.55,1.10807,-1,-1,,662.185,1514.6,1.55556,-1,-1,,6,6,415.883,668.55,1.10807,3,2.5249,413.221
Normal,1113.89,,254.673,852.551,1.05661,5,96.1143,,204.525,459.581,0.800052,3.97319,91.415,,460.479,1305.63,1.36524,-1,-1,,202.477,232.541,0.651821,3.97319,90.65,,462.482,1078.59,1.25975,-1,-1,,414.203,685.622,1.03586,-1,-1,,669.305,1531.67,1.55556,-1,-1,,6,6,414.203,685.622,1.03586,3.4,4.10683,413.221
Normal,1122.86,,254.673,852.551,1.05446,5,91,,207.926,467.148,0.803809,4.04246,90.91,,463.89,1313.2,1.36686,-1,-1,,201.05,230.937,0.65019,3.94386,90.1,,461.037,1076.99,1.25597,-1,-1,,413.797,691.585,1.00533,-1,-1,,671.299,1537.64,1.55556,-1,-1,,6,6,413.797,691.585,1.00533,3.6,2.93386,413.221
Normal,1133.13,,254.673,852.551,1.05838,5,96.2286,,201.474,452.793,0.796556,3.91114,91.6675,,457.42,1298.84,1.3635,-1,-1,,204.215,234.493,0.653581,4.00892,90.925,,464.241,1080.54,1.26326,-1,-1,,414.067,680.786,1.05194,-1,-1,,667.978,1526.84,1.55556,-1,-1,,6,6,414.067,680.786,1.05194,3.3,2.97456,413.221
Normal,1142.57,,254.673,852.551,1.05838,5,96.5714,,204.701,459.973,0.801262,3.97677,93,,460.656,1306.02,1.36821,-1,-1,,197.81,227.296,0.648869,3.87735,93,,457.758,1073.35,1.25855,-1,-1,,418.46,680.768,1.11254,-1,-1,,664.758,1526.82,1.55556,-1,-1,,6,6,418.46,680.768,1.11254,3,2.35089,413.221
Normal,1153.12,,254.673,852.551,1.05444,5,91,,207.939,467.179,0.80382,4.04274,90.91,,463.904,1313.23,1.36685,-1,-1,,201.063,230.952,0.650195,3.94413,90.1,,461.051,1077,1.25596,-1,-1,,413.824,691.63,1.00534,-1,-1,,671.326,1537.68,1.55556,-1,-1,,6,6,413.824,691.63,1.00534,3.6,2.7663,413.221
Normal,1162.88,,254.673,852.551,1.05643,5,96,,204.673,459.91,0.80017,3.9762,91.1625,,460.628,1305.96,1.36518,-1,-1,,202.624,232.705,0.65188,3.9762,90.375,,462.63,1078.76,1.25963,-1,-1,,413.301,686.115,1.01924,-1,-1,,669.603,1532.17,1.55556,-1,-1,,6,6,413.301,686.115,1.01924,3.5,2.46093,413.221
Normal,1172.92,,254.673,852.551,1.05528,5,91,,205.631,462.043,0.800933,3.99571,90.91,,461.589,1308.09,1.3648,-1,-1,,203.572,233.771,0.652258,3.99571,90.1,,463.591,1079.82,1.25886,-1,-1,,414.03,689.314,1.00451,-1,-1,,671.532,1535.36,1.55556,-1,-1,,6,6,414.03,689.314,1.00451,3.6,2.49223,413.221
Normal,1183,,254.673,852.551,1.05583,5,96,,205.171,461.02,0.800568,3.98635,91.1625,,461.128,1307.07,1.36498,-1,-1,,203.117,233.26,0.652077,3.98635,90.375,,463.13,1079.31,1.25923,-1,-1,,414.308,687.779,1.01984,-1,-1,,670.607,1533.83,1.55556,-1,-1,,6,6,414.308,687.779,1.01984,3.5,2.54185,413.221
Normal,1193.54,,254.673,852.551,1.05708,5,96.1143,,204.138,458.72,0.799742,3.96531,91.415,,460.091,1304.77,1.3654,-1,-1,,202.094,232.11,0.651668,3.96531,90.65,,462.094,1078.16,1.26006,-1,-1,,413.418,684.329,1.0354,-1,-1,,668.525,1530.38,1.55556,-1,-1,,6,6,413.418,684.329,1.0354,3.4,2.99432,413.221
Normal,1203.24,,254.673,852.551,1.05983,5,96.4571,,200.256,450.083,0.795548,3.8864,92.1725,,456.199,1296.13,1.36393,-1,-1,,203.103,233.243,0.65316,3.98605,91.475,,463.115,1079.29,1.26428,-1,-1,,414.069,676.827,1.0896,-1,-1,,665.621,1522.88,1.55556,-1,-1,,6,6,414.069,676.827,1.0896,3.1,2.6593,413.221
Normal,1213.54,,254.673,852.551,1.05965,5,96.5714,,202.038,454.048,0.798054,3.92261,93,,457.986,1300.1,1.36625,-1,-1,,200.016,229.774,0.650832,3.92261,93,,459.99,1075.82,1.26177,-1,-1,,418.01,677.322,1.11129,-1,-1,,664.298,1523.37,1.55556,-1,-1,,6,6,418.01,677.322,1.11129,3,2.75903,413.221
Normal,1223.52,,254.673,852.551,1.0561,5,96,,204.949,460.525,0.80039,3.98182,91.1625,,460.905,1306.58,1.36507,-1,-1,,202.897,233.012,0.651989,3.98182,90.375,,462.907,1079.06,1.25941,-1,-1,,413.859,687.037,1.01957,-1,-1,,670.158,1533.09,1.55556,-1,-1,,6,6,413.859,687.037,1.01957,3.5,2.69078,413.221
Normal,1233.78,,254.673,852.551,1.05456,5,91,,206.225,463.365,0.801405,4.00781,90.91,,462.185,1309.42,1.36456,-1,-1,,204.161,234.432,0.652491,4.00781,90.1,,464.186,1080.48,1.25838,-1,-1,,415.226,691.297,1.00522,-1,-1,,672.728,1537.35,1.55556,-1,-1,,6,6,415.226,691.297,1.00522,3.6,2.72481,413.221
Normal,1244.24,,254.673,852.551,1.05568,5,91,,205.297,461.299,0.800668,3.98891,90.91,,461.254,1307.35,1.36493,-1,-1,,203.242,233.4,0.652126,3.98891,90.1,,463.256,1079.45,1.25912,-1,-1,,413.357,688.199,1.00411,-1,-1,,670.86,1534.25,1.55556,-1,-1,,6,6,413.357,688.199,1.00411,3.6,3.15012,413.221
Normal,1253.87,,254.673,852.551,1.05946,5,96.5714,,202.193,454.392,0.798179,3.92575,93,,458.141,1300.44,1.36619,-1,-1,,200.168,229.946,0.650894,3.92575,93,,460.145,1076,1.26164,-1,-1,,418.33,677.838,1.11147,-1,-1,,664.609,1523.89,1.55556,-1,-1,,6,6,418.33,677.838,1.11147,3,2.59509,413.221
Normal,1263.93,,254.673,852.551,1.05253,5,91,,207.919,467.133,0.802743,4.04232,90.91,,463.883,1313.18,1.36388,-1,-1,,205.837,236.316,0.653154,4.04232,90.1,,465.884,1082.37,1.25702,-1,-1,,418.636,696.949,1.00724,-1,-1,,676.138,1543,1.55556,-1,-1,,6,6,418.636,696.949,1.00724,3.6,2.51323,413.221
Normal,1274.16,,254.673,852.551,1.05638,5,96,,204.717,460.01,0.800206,3.97711,91.1625,,460.673,1306.06,1.36516,-1,-1,,202.668,232.755,0.651897,3.97711,90.375,,462.675,1078.81,1.25959,-1,-1,,413.391,686.265,1.01929,-1,-1,,669.693,1532.32,1.55556,-1,-1,,6,6,413.391,686.265,1.01929,3.5,2.68737,413.221
Normal,1284.44,,254.673,852.551,1.05516,5,91,,205.728,462.258,0.80101,3.99768,90.91,,461.686,1308.31,1.36476,-1,-1,,203.668,233.879,0.652296,3.99768,90.1,,463.688,1079.93,1.25878,-1,-1,,414.225,689.637,1.00463,-1,-1,,671.727,1535.69,1.55556,-1,-1,,6,6,414.225,689.637,1.00463,3.6,2.95753,413.221
Normal,1294.23,,254.673,852.551,1.06274,5,96.8,,201.133,452.035,0.798372,3.90422,93.4667,,457.078,1298.09,1.36964,-1,-1,,194.359,223.417,0.64747,3.80661,93.4667,,454.264,1069.47,1.26147,-1,-1,,413.227,668.952,1.15584,-1,-1,,657.657,1515,1.55556,-1,-1,,6,6,413.227,668.952,1.15584,2.8,2.50846,413.221
Normal,1304.54,,254.673,852.551,1.05631,5,96,,204.772,460.132,0.80025,3.97823,91.1625,,460.728,1306.18,1.36514,-1,-1,,202.722,232.816,0.651919,3.97823,90.375,,462.73,1078.87,1.25955,-1,-1,,413.503,686.448,1.01936,-1,-1,,669.803,1532.5,1.55556,-1,-1,,6,6,413.503,686.448,1.01936,3.5,2.75765,413.221
Normal,1314.32,,254.673,852.551,1.05611,5,96,,204.939,460.504,0.800383,3.98163,91.1625,,460.895,1306.55,1.36508,-1,-1,,202.888,233.002,0.651985,3.98163,90.375,,462.898,1079.05,1.25941,-1,-1,,413.84,687.006,1.01956,-1,-1,,670.14,1533.06,1.55556,-1,-1,,6,6,413.84,687.006,1.01956,3.5,2.4958,413.221
Normal,1324.5,,254.673,852.551,1.05612,5,96,,204.933,460.488,0.800377,3.98149,91.1625,,460.888,1306.54,1.36508,-1,-1,,202.881,232.994,0.651982,3.98149,90.375,,462.891,1079.05,1.25942,-1,-1,,413.826,686.983,1.01955,-1,-1,,670.126,1533.03,1.55556,-1,-1,,6,6,413.826,686.983,1.01955,3.5,2.63022,413.221
Normal,1336.42,,254.673,852.551,1.05378,5,91,,206.872,464.804,0.801917,4.02099,90.91,,462.833,1310.85,1.3643,-1,-1,,204.801,235.152,0.652745,4.02099,90.1,,464.835,1081.2,1.25786,-1,-1,,416.529,693.456,1.006,-1,-1,,674.031,1539.51,1.55556,-1,-1,,6,6,416.529,693.456,1.006,3.6,2.85928,413.221
Normal,1346.57,,254.673,852.551,1.05855,5,96.3429,,202.932,456.037,0.798775,3.94078,91.92,,458.882,1302.09,1.36589,-1,-1,,200.9,230.768,0.651189,3.94078,91.2,,460.886,1076.82,1.26104,-1,-1,,413.358,680.305,1.07071,-1,-1,,666.097,1526.36,1.55556,-1,-1,,6,6,413.358,680.305,1.07071,3.2,2.85326,413.221
Normal,1357.06,,254.673,852.551,1.05256,5,91,,207.892,467.074,0.802722,4.04178,90.91,,463.856,1313.12,1.36389,-1,-1,,205.811,236.287,0.653144,4.04178,90.1,,465.857,1082.34,1.25705,-1,-1,,418.583,696.861,1.00721,-1,-1,,676.085,1542.91,1.55556,-1,-1,,6,6,418.583,696.861,1.00721,3.6,3.19968,413.221
Normal,1366.74,,254.673,852.551,1.0607,5,96.5714,,201.18,452.138,0.79736,3.90516,93,,457.125,1298.19,1.36661,-1,-1,,199.166,228.819,0.650489,3.90516,93,,459.13,1074.87,1.26247,-1,-1,,416.234,674.457,1.11024,-1,-1,,662.569,1520.51,1.55556,-1,-1,,6,6,416.234,674.457,1.11024,3,2.64195,413.221
Normal,1376.8,,254.673,852.551,1.05341,5,91,,207.181,465.491,0.802161,4.02728,90.91,,463.143,1311.54,1.36417,-1,-1,,205.107,235.495,0.652866,4.02728,90.1,,465.144,1081.55,1.25761,-1,-1,,417.15,694.486,1.00636,-1,-1,,674.653,1540.54,1.55556,-1,-1,,6,6,417.15,694.486,1.00636,3.6,2.51778,413.221
Normal,1387.16,,254.673,852.551,1.05633,5,96,,204.756,460.095,0.800236,3.97789,91.1625,,460.711,1306.15,1.36515,-1,-1,,202.706,232.797,0.651913,3.97789,90.375,,462.714,1078.85,1.25956,-1,-1,,413.469,686.392,1.01934,-1,-1,,669.77,1532.44,1.55556,-1,-1,,6,6,413.469,686.392,1.01934,3.5,2.82924,413.221
Normal,1398.29,,254.673,852.551,1.06232,5,96.5714,,198.25,445.619,0.793919,3.84567,93,,454.187,1291.67,1.36477,-1,-1,,201.071,230.96,0.652335,3.94428,93,,461.058,1077.01,1.26592,-1,-1,,415.194,670.079,1.10863,-1,-1,,661.535,1516.13,1.55556,-1,-1,,6,6,415.194,670.079,1.10863,3,3.81818,413.221
Normal,1407.4,,254.673,852.551,1.05948,5,96.5714,,203.798,457.965,0.800535,3.95841,93,,459.751,1304.02,1.36857,-1,-1,,196.938,226.315,0.648517,3.85945,93,,456.874,1072.37,1.25929,-1,-1,,416.615,677.78,1.11145,-1,-1,,662.962,1523.83,1.55556,-1,-1,,6,6,416.615,677.78,1.11145,3,2.82289,413.221
Normal,1417.58,,254.673,852.551,1.0577,5,96.2286,,203.633,457.598,0.799338,3.95505,91.6675,,459.585,1303.65,1.3656,-1,-1,,201.595,231.549,0.651468,3.95505,90.925,,461.589,1077.6,1.26047,-1,-1,,413.592,682.646,1.05261,-1,-1,,667.51,1528.7,1.55556,-1,-1,,6,6,413.592,682.646,1.05261,3.3,2.88901,413.221
Normal,1427.62,,254.673,852.551,1.05352,5,91,,207.087,465.282,0.802087,4.02537,90.91,,463.049,1311.33,1.36421,-1,-1,,205.014,235.391,0.652829,4.02537,90.1,,465.05,1081.44,1.25769,-1,-1,,416.961,694.174,1.00625,-1,-1,,674.464,1540.22,1.55556,-1,-1,,6,6,416.961,694.174,1.00625,3.6,2.74089,413.221
Normal,1437.52,,254.673,852.551,1.05585,5,96,,205.154,460.98,0.800553,3.98599,91.1625,,461.11,1307.03,1.36499,-1,-1,,203.1,233.24,0.65207,3.98599,90.375,,463.112,1079.29,1.25924,-1,-1,,414.272,687.72,1.01981,-1,-1,,670.571,1533.77,1.55556,-1,-1,,6,6,414.272,687.72,1.01981,3.5,2.60222,413.221
Normal,1447.64,,254.673,852.551,1.06639,5,97.0286,,193.368,434.755,0.788827,3.7467,93.9333,,449.291,1280.81,1.36372,-1,-1,,201.052,230.938,0.653423,3.94389,93.9333,,461.039,1076.99,1.27105,-1,-1,,414.239,659.194,1.20716,-1,-1,,656.579,1505.24,1.55556,-1,-1,,6,6,414.239,659.194,1.20716,2.6,2.58551,413.221
Normal,1457.78,,254.673,852.551,1.05793,5,96.3429,,203.441,457.169,0.799184,3.95113,91.92,,459.392,1303.22,1.36568,-1,-1,,201.404,231.334,0.651392,3.95113,91.2,,461.396,1077.39,1.26063,-1,-1,,414.394,682.003,1.07132,-1,-1,,667.122,1528.05,1.55556,-1,-1,,6,6,414.394,682.003,1.07132,3.2,2.60162,413.221
Normal,1467.88,,254.673,852.551,1.0525,5,91,,207.944,467.19,0.802763,4.04284,90.91,,463.908,1313.24,1.36387,-1,-1,,205.863,236.345,0.653164,4.04284,90.1,,465.909,1082.4,1.257,-1,-1,,418.687,697.034,1.00727,-1,-1,,676.19,1543.09,1.55556,-1,-1,,6,6,418.687,697.034,1.00727,3.6,2.55686,413.221
Normal,1478.94,,254.673,852.551,1.06132,5,96.5714,,199.05,447.4,0.79457,3.86191,93,,454.989,1293.45,1.36444,-1,-1,,201.881,231.871,0.652665,3.96094,93,,461.879,1077.92,1.26526,-1,-1,,416.869,672.771,1.10962,-1,-1,,663.165,1518.82,1.55556,-1,-1,,6,6,416.869,672.771,1.10962,3,3.51994,413.221
Normal,1489.24,,254.673,852.551,1.05644,5,96,,204.67,459.905,0.800168,3.97615,91.1625,,460.625,1305.96,1.36518,-1,-1,,202.621,232.702,0.651879,3.97615,90.375,,462.628,1078.75,1.25963,-1,-1,,413.296,686.107,1.01923,-1,-1,,669.598,1532.16,1.55556,-1,-1,,6,6,413.296,686.107,1.01923,3.5,3.76184,413.221
Normal,1498.15,,254.673,852.551,1.05813,5,96.4571,,204.909,460.436,0.801429,3.98101,92.1725,,460.865,1306.49,1.36813,-1,-1,,198.012,227.522,0.64895,3.88148,91.475,,457.961,1073.57,1.25838,-1,-1,,413.607,681.458,1.09129,-1,-1,,665.172,1527.51,1.55556,-1,-1,,6,6,413.607,681.458,1.09129,3.1,2.61986,413.221
Normal,1508.37,,254.673,852.551,1.05873,5,96.4571,,202.783,455.706,0.798655,3.93776,92.1725,,458.733,1301.76,1.36595,-1,-1,,200.753,230.603,0.65113,3.93776,91.475,,460.737,1076.65,1.26116,-1,-1,,414.245,679.809,1.09069,-1,-1,,665.798,1525.86,1.55556,-1,-1,,6,6,414.245,679.809,1.09069,3.1,2.686,413.221
Normal,1519.18,,254.673,852.551,1.05449,5,91,,206.28,463.487,0.801449,4.00893,90.91,,462.24,1309.54,1.36454,-1,-1,,204.215,234.493,0.652513,4.00893,90.1,,464.241,1080.54,1.25833,-1,-1,,415.337,691.48,1.00529,-1,-1,,672.839,1537.53,1.55556,-1,-1,,6,6,415.337,691.48,1.00529,3.6,3.26156,413.221
Normal,1529,,254.673,852.551,1.05827,5,96.4571,,204.793,460.177,0.801336,3.97864,92.1725,,460.748,1306.23,1.36817,-1,-1,,197.899,227.396,0.648905,3.87917,91.475,,457.847,1073.45,1.25848,-1,-1,,413.372,681.073,1.09115,-1,-1,,664.941,1527.12,1.55556,-1,-1,,6,6,413.372,681.073,1.09115,3.1,3.02894,413.221
Normal,1538.71,,254.673,852.551,1.05681,5,96.1143,,204.367,459.23,0.799926,3.96998,91.415,,460.321,1305.28,1.36531,-1,-1,,202.321,232.365,0.651759,3.96998,90.65,,462.324,1078.42,1.25987,-1,-1,,413.883,685.095,1.03567,-1,-1,,668.987,1531.15,1.55556,-1,-1,,6,6,413.883,685.095,1.03567,3.4,2.66725,413.221
Normal,1549.04,,254.673,852.551,1.05415,5,91,,206.567,464.126,0.801676,4.01478,90.91,,462.528,1310.18,1.36442,-1,-1,,204.499,234.813,0.652626,4.01478,90.1,,464.529,1080.86,1.2581,-1,-1,,415.915,692.439,1.00563,-1,-1,,673.417,1538.49,1.55556,-1,-1,,6,6,415.915,692.439,1.00563,3.6,2.78775,413.221
Normal,1559.3,,254.673,852.551,1.05706,5,96.1143,,204.16,458.77,0.79976,3.96577,91.415,,460.114,1304.82,1.36539,-1,-1,,202.116,232.135,0.651677,3.96577,90.65,,462.117,1078.19,1.26004,-1,-1,,413.464,684.405,1.03543,-1,-1,,668.571,1530.46,1.55556,-1,-1,,6,6,413.464,684.405,1.03543,3.4,2.96143,413.221
Normal,1568.81,,254.673,852.551,1.05508,5,91,,205.793,462.402,0.801062,3.999,90.91,,461.751,1308.45,1.36473,-1,-1,,203.732,233.951,0.652321,3.999,90.1,,463.753,1080,1.25873,-1,-1,,414.355,689.853,1.00471,-1,-1,,671.857,1535.9,1.55556,-1,-1,,6,6,414.355,689.853,1.00471,3.6,2.46877,413.221
Normal,1578.88,,254.673,852.551,1.06112,5,96.5714,,200.839,451.379,0.797083,3.89823,93,,456.783,1297.43,1.36675,-1,-1,,198.828,228.439,0.650352,3.89823,93,,458.788,1074.49,1.26275,-1,-1,,415.528,673.318,1.10982,-1,-1,,661.883,1519.37,1.55556,-1,-1,,6,6,415.528,673.318,1.10982,3,2.52861,413.221
Normal,1589.05,,254.673,852.551,1.05675,5,96.1143,,204.41,459.325,0.79996,3.97085,91.415,,460.364,1305.38,1.36529,-1,-1,,202.363,232.413,0.651776,3.97085,90.65,,462.367,1078.46,1.25984,-1,-1,,413.97,685.238,1.03573,-1,-1,,669.073,1531.29,1.55556,-1,-1,,6,6,413.97,685.238,1.03573,3.4,2.62542,413.221
Normal,1599.77,,254.673,852.551,1.05321,5,91,,207.347,465.861,0.802293,4.03067,90.91,,463.31,1311.91,1.36411,-1,-1,,205.271,235.681,0.652931,4.03067,90.1,,465.311,1081.73,1.25748,-1,-1,,417.485,695.042,1.00656,-1,-1,,674.988,1541.09,1.55556,-1,-1,,6,6,417.485,695.042,1.00656,3.6,3.17624,413.221
Normal,1609.35,,254.673,852.551,1.06029,5,96.5714,,201.513,452.88,0.79763,3.91194,93,,457.459,1298.93,1.36647,-1,-1,,199.496,229.19,0.650622,3.91194,93,,459.464,1075.24,1.2622,-1,-1,,416.924,675.57,1.11065,-1,-1,,663.241,1521.62,1.55556,-1,-1,,6,6,416.924,675.57,1.11065,3,2.52835,413.221
Normal,1619.54,,254.673,852.551,1.05091,5,91,,209.28,470.162,0.803812,4.07008,90.91,,465.248,1316.21,1.36334,-1,-1,,207.185,237.831,0.653683,4.07008,90.1,,467.248,1083.88,1.25594,-1,-1,,421.377,701.493,1.00885,-1,-1,,678.879,1547.54,1.55556,-1,-1,,6,6,421.377,701.493,1.00885,3.6,2.64839,413.221
Normal,1630.65,,254.673,852.551,1.0595,5,96.5714,,202.162,454.323,0.798154,3.92512,93,,458.11,1300.37,1.3662,-1,-1,,200.138,229.911,0.650882,3.92512,93,,460.114,1075.96,1.26167,-1,-1,,418.265,677.734,1.11144,-1,-1,,664.547,1523.79,1.55556,-1,-1,,6,6,418.265,677.734,1.11144,3,3.5615,413.221
Normal,1640.43,,254.673,852.551,1.05742,5,96.2286,,203.859,458.1,0.799519,3.95964,91.6675,,459.812,1304.15,1.36551,-1,-1,,201.818,231.8,0.651558,3.95964,90.925,,461.815,1077.85,1.26029,-1,-1,,414.05,683.399,1.05289,-1,-1,,667.964,1529.45,1.55556,-1,-1,,6,6,414.05,683.399,1.05289,3.3,3.24127,413.221
Normal,1649.65,,254.673,852.551,1.05561,5,91,,205.353,461.424,0.800712,3.99005,90.91,,461.31,1307.47,1.36491,-1,-1,,203.297,233.462,0.652148,3.99005,90.1,,463.312,1079.51,1.25908,-1,-1,,413.47,688.386,1.00418,-1,-1,,670.972,1534.44,1.55556,-1,-1,,6,6,413.47,688.386,1.00418,3.6,2.43408,413.221
Normal,1659.98,,254.673,852.551,1.05453,5,91,,206.248,463.415,0.801423,4.00827,90.91,,462.207,1309.47,1.36455,-1,-1,,204.183,234.457,0.6525,4.00827,90.1,,464.209,1080.51,1.25836,-1,-1,,415.271,691.372,1.00525,-1,-1,,672.774,1537.42,1.55556,-1,-1,,6,6,415.271,691.372,1.00525,3.6,2.54009,413.221
Normal,1669.99,,254.673,852.551,1.057,5,96.1143,,204.206,458.873,0.799797,3.96671,91.415,,460.16,1304.92,1.36537,-1,-1,,202.162,232.186,0.651695,3.96671,90.65,,462.163,1078.24,1.26,-1,-1,,413.558,684.559,1.03548,-1,-1,,668.664,1530.61,1.55556,-1,-1,,6,6,413.558,684.559,1.03548,3.4,2.46478,413.221
Normal,1679.96,,254.673,852.551,1.05523,5,91,,205.665,462.119,0.800961,3.99641,90.91,,461.623,1308.17,1.36478,-1,-1,,203.606,233.81,0.652271,3.99641,90.1,,463.625,1079.86,1.25883,-1,-1,,414.099,689.429,1.00455,-1,-1,,671.601,1535.48,1.55556,-1,-1,,6,6,414.099,689.429,1.00455,3.6,2.42879,413.221
Normal,1691.6,,254.673,852.551,1.05631,5,96.2286,,206.378,463.704,0.802579,4.01092,91.6675,,462.338,1309.76,1.36747,-1,-1,,199.552,229.253,0.649593,3.91309,90.925,,459.521,1075.3,1.25722,-1,-1,,414.303,686.457,1.05399,-1,-1,,668.217,1532.51,1.55556,-1,-1,,6,6,414.303,686.457,1.05399,3.3,3.84921,413.221
Normal,1700.17,,254.673,852.551,1.05818,5,96.3429,,203.241,456.725,0.799023,3.94707,91.92,,459.192,1302.78,1.36576,-1,-1,,201.206,231.112,0.651312,3.94707,91.2,,461.196,1077.16,1.26079,-1,-1,,413.988,681.337,1.07108,-1,-1,,666.72,1527.39,1.55556,-1,-1,,6,6,413.988,681.337,1.07108,3.2,2.28209,413.221
Normal,1710.41,,254.673,852.551,1.0569,5,96.1143,,204.29,459.059,0.799864,3.96841,91.415,,460.244,1305.11,1.36534,-1,-1,,202.245,232.279,0.651728,3.96841,90.65,,462.247,1078.33,1.25994,-1,-1,,413.727,684.838,1.03558,-1,-1,,668.832,1530.89,1.55556,-1,-1,,6,6,413.727,684.838,1.03558,3.4,2.44484,413.221
Normal,1721.45,,254.673,852.551,1.0549,5,91,,205.944,462.739,0.801182,4.00208,90.91,,461.902,1308.79,1.36467,-1,-1,,203.882,234.119,0.652381,4.00208,90.1,,463.904,1080.17,1.2586,-1,-1,,414.66,690.358,1.00489,-1,-1,,672.162,1536.41,1.55556,-1,-1,,6,6,414.66,690.358,1.00489,3.6,3.23411,413.221
Normal,1731.46,,254.673,852.551,1.05761,5,96.3429,,205.339,461.393,0.801774,3.98977,91.92,,461.296,1307.44,1.36795,-1,-1,,198.428,227.99,0.649117,3.89003,91.2,,458.383,1074.04,1.25803,-1,-1,,413.286,682.884,1.07164,-1,-1,,666.029,1528.93,1.55556,-1,-1,,6,6,413.286,682.884,1.07164,3.2,3.22552,413.221
Normal,1741.22,,254.673,852.551,1.05939,5,96.3429,,200.612,450.875,0.795835,3.89363,91.92,,456.556,1296.93,1.36378,-1,-1,,203.464,233.649,0.653305,3.99347,91.2,,463.481,1079.7,1.26399,-1,-1,,413.613,678.024,1.06988,-1,-1,,666.347,1524.07,1.55556,-1,-1,,6,6,413.613,678.024,1.06988,3.2,2.96833,413.221
Normal,1751.37,,254.673,852.551,1.05535,5,91,,205.567,461.9,0.800883,3.99441,90.91,,461.525,1307.95,1.36482,-1,-1,,203.509,233.7,0.652233,3.99441,90.1,,463.527,1079.75,1.25891,-1,-1,,413.901,689.101,1.00444,-1,-1,,671.404,1535.15,1.55556,-1,-1,,6,6,413.901,689.101,1.00444,3.6,3.09641,413.221
Normal,1762.32,,254.673,852.551,1.05246,5,91,,207.973,467.253,0.802786,4.04342,90.91,,463.937,1313.3,1.36386,-1,-1,,205.891,236.376,0.653175,4.04342,90.1,,465.938,1082.43,1.25698,-1,-1,,418.745,697.129,1.0073,-1,-1,,676.247,1543.18,1.55556,-1,-1,,6,6,418.745,697.129,1.0073,3.6,3.90842,413.221
Normal,1771.92,,254.673,852.551,1.05955,5,96.5714,,202.115,454.219,0.798116,3.92417,93,,458.063,1300.27,1.36622,-1,-1,,200.092,229.859,0.650863,3.92417,93,,460.067,1075.91,1.26171,-1,-1,,418.169,677.578,1.11138,-1,-1,,664.453,1523.63,1.55556,-1,-1,,6,6,418.169,677.578,1.11138,3,3.31576,413.221
Normal,1781.4,,254.673,852.551,1.05732,5,96.2286,,203.945,458.291,0.799588,3.96139,91.6675,,459.898,1304.34,1.36548,-1,-1,,201.903,231.895,0.651592,3.96139,90.925,,461.901,1077.95,1.26022,-1,-1,,414.225,683.686,1.05299,-1,-1,,668.137,1529.74,1.55556,-1,-1,,6,6,414.225,683.686,1.05299,3.3,2.70022,413.221
Normal,1791.75,,254.673,852.551,1.05665,5,96.2286,,206.096,463.076,0.802353,4.00517,91.6675,,462.055,1309.13,1.36758,-1,-1,,199.279,228.946,0.649484,3.90748,90.925,,459.244,1075,1.25745,-1,-1,,413.736,685.522,1.05365,-1,-1,,667.655,1531.57,1.55556,-1,-1,,6,6,413.736,685.522,1.05365,3.3,2.81133,413.221
Normal,1802.13,,254.673,852.551,1.05751,5,96.2286,,203.789,457.943,0.799463,3.95821,91.6675,,459.741,1303.99,1.36554,-1,-1,,201.749,231.722,0.65153,3.95821,90.925,,461.744,1077.77,1.26034,-1,-1,,413.907,683.165,1.0528,-1,-1,,667.823,1529.22,1.55556,-1,-1,,6,6,413.907,683.165,1.0528,3.3,3.08588,413.221
Normal,1812.58,,254.673,852.551,1.05816,5,96.3429,,203.254,456.753,0.799034,3.94733,91.92,,459.205,1302.8,1.36576,-1,-1,,201.219,231.127,0.651317,3.94733,91.2,,461.208,1077.18,1.26078,-1,-1,,414.014,681.38,1.0711,-1,-1,,666.746,1527.43,1.55556,-1,-1,,6,6,414.014,681.38,1.0711,3.2,3.40196,413.221
Normal,1822.33,,254.673,852.551,1.05553,5,96.1143,,207.024,465.143,0.803094,4.02409,91.415,,462.986,1311.19,1.36721,-1,-1,,200.178,229.956,0.649843,3.92594,90.65,,460.154,1076.01,1.2567,-1,-1,,414.402,688.599,1.03694,-1,-1,,669.504,1534.65,1.55556,-1,-1,,6,6,414.402,688.599,1.03694,3.4,2.96442,413.221
Normal,1832.24,,254.673,852.551,1.05526,5,91,,205.644,462.072,0.800944,3.99598,90.91,,461.602,1308.12,1.36479,-1,-1,,203.586,233.786,0.652263,3.99598,90.1,,463.604,1079.84,1.25884,-1,-1,,414.056,689.358,1.00453,-1,-1,,671.559,1535.41,1.55556,-1,-1,,6,6,414.056,689.358,1.00453,3.6,2.87013,413.221
Normal,1842.47,,254.673,852.551,1.06078,5,96.5714,,202.734,455.596,0.799674,3.93675,93,,458.683,1301.65,1.369,-1,-1,,195.908,225.158,0.648101,3.83834,93,,455.831,1071.21,1.26016,-1,-1,,414.437,674.253,1.11017,-1,-1,,660.843,1520.3,1.55556,-1,-1,,6,6,414.437,674.253,1.11017,3,2.93769,413.221
Normal,1853.18,,254.673,852.551,1.06043,5,96.5714,,201.404,452.636,0.797541,3.90971,93,,457.349,1298.69,1.36651,-1,-1,,199.387,229.068,0.650578,3.90971,93,,459.354,1075.12,1.26229,-1,-1,,416.697,675.204,1.11051,-1,-1,,663.02,1521.25,1.55556,-1,-1,,6,6,416.697,675.204,1.11051,3,3.41598,413.221
Normal,1862.99,,254.673,852.551,1.05414,5,91,,206.572,464.136,0.80168,4.01487,90.91,,462.532,1310.19,1.36442,-1,-1,,204.504,234.818,0.652627,4.01487,90.1,,464.534,1080.87,1.2581,-1,-1,,415.924,692.454,1.00564,-1,-1,,673.426,1538.5,1.55556,-1,-1,,6,6,415.924,692.454,1.00564,3.6,3.00732,413.221
Normal,1872.58,,254.673,852.551,1.05632,5,96,,204.765,460.116,0.800244,3.97808,91.1625,,460.72,1306.17,1.36515,-1,-1,,202.715,232.808,0.651916,3.97808,90.375,,462.723,1078.86,1.25955,-1,-1,,413.488,686.424,1.01935,-1,-1,,669.789,1532.47,1.55556,-1,-1,,6,6,413.488,686.424,1.01935,3.5,2.54207,413.221
Normal,1883.16,,254.673,852.551,1.05711,5,96.1143,,204.113,458.665,0.799723,3.96481,91.415,,460.066,1304.72,1.36541,-1,-1,,202.07,232.082,0.651658,3.96481,90.65,,462.07,1078.13,1.26008,-1,-1,,413.369,684.247,1.03537,-1,-1,,668.476,1530.3,1.55556,-1,-1,,6,6,413.369,684.247,1.03537,3.4,3.03663,413.221
Normal,1894.56,,254.673,852.551,1.05701,5,96.1143,,204.199,458.856,0.799791,3.96656,91.415,,460.153,1304.91,1.36537,-1,-1,,202.155,232.178,0.651692,3.96656,90.65,,462.156,1078.23,1.26001,-1,-1,,413.543,684.534,1.03547,-1,-1,,668.649,1530.59,1.55556,-1,-1,,6,6,413.543,684.534,1.03547,3.4,4.35383,413.221
Normal,1903.61,,254.673,852.551,1.05814,5,96.3429,,203.272,456.794,0.799048,3.9477,91.92,,459.223,1302.84,1.36575,-1,-1,,201.237,231.147,0.651324,3.9477,91.2,,461.227,1077.2,1.26076,-1,-1,,414.051,681.44,1.07112,-1,-1,,666.782,1527.49,1.55556,-1,-1,,6,6,414.051,681.44,1.07112,3.2,3.27256,413.221
Normal,1913.87,,254.673,852.551,1.05646,5,96,,204.654,459.868,0.800155,3.97581,91.1625,,460.608,1305.92,1.36519,-1,-1,,202.605,232.684,0.651872,3.97581,90.375,,462.611,1078.73,1.25964,-1,-1,,413.262,686.051,1.01921,-1,-1,,669.564,1532.1,1.55556,-1,-1,,6,6,413.262,686.051,1.01921,3.5,3.47006,413.221
Normal,1923.04,,254.673,852.551,1.05693,5,96.1143,,204.264,459.001,0.799843,3.96788,91.415,,460.218,1305.05,1.36535,-1,-1,,202.219,232.25,0.651718,3.96788,90.65,,462.221,1078.3,1.25996,-1,-1,,413.674,684.751,1.03555,-1,-1,,668.779,1530.8,1.55556,-1,-1,,6,6,413.674,684.751,1.03555,3.4,2.5588,413.221
Normal,1934.07,,254.673,852.551,1.05174,5,91,,208.583,468.611,0.803265,4.05586,90.91,,464.549,1314.66,1.36361,-1,-1,,206.495,237.055,0.653412,4.05586,90.1,,466.549,1083.11,1.2565,-1,-1,,419.973,699.166,1.00803,-1,-1,,677.476,1545.22,1.55556,-1,-1,,6,6,419.973,699.166,1.00803,3.6,3.47658,413.221
Normal,1944.21,,254.673,852.551,1.05733,5,96.3429,,205.568,461.903,0.801958,3.99443,91.92,,461.526,1307.95,1.36786,-1,-1,,198.65,228.239,0.649206,3.89457,91.2,,458.607,1074.29,1.25785,-1,-1,,413.747,683.642,1.07191,-1,-1,,666.485,1529.69,1.55556,-1,-1,,6,6,413.747,683.642,1.07191,3.2,3.61043,413.221
Normal,1953.84,,254.673,852.551,1.0566,5,91,,202.924,456.019,0.797718,3.94062,90.91,,458.874,1302.07,1.36289,-1,-1,,205.683,236.143,0.654169,4.03914,90.1,,465.727,1082.19,1.26208,-1,-1,,413.429,685.662,1.0032,-1,-1,,670.931,1531.71,1.55556,-1,-1,,6,6,413.429,685.662,1.0032,3.6,3.08443,413.221
Normal,1964.02,,254.673,852.551,1.06003,5,96.5714,,203.344,456.954,0.800168,3.94917,93,,459.296,1303.01,1.36875,-1,-1,,196.498,225.821,0.64834,3.85044,93,,456.429,1071.87,1.25966,-1,-1,,415.686,676.276,1.1109,-1,-1,,662.058,1522.33,1.55556,-1,-1,,6,6,415.686,676.276,1.1109,3,3.13966,413.221
Normal,1973.47,,254.673,852.551,1.05532,5,96,,207.205,465.544,0.803237,4.02777,91.1625,,463.167,1311.6,1.36714,-1,-1,,200.353,230.153,0.649912,3.92953,90.375,,460.331,1076.2,1.25655,-1,-1,,413.563,689.197,1.02034,-1,-1,,669.864,1535.25,1.55556,-1,-1,,6,6,413.563,689.197,1.02034,3.5,2.40822,413.221
Normal,1983.68,,254.673,852.551,1.05783,5,96.1143,,201.917,453.779,0.796912,3.92015,91.415,,457.864,1299.83,1.36331,-1,-1,,204.664,234.998,0.653761,4.01816,90.65,,464.696,1081.05,1.2629,-1,-1,,413.778,682.276,1.03466,-1,-1,,668.881,1528.33,1.55556,-1,-1,,6,6,413.778,682.276,1.03466,3.4,2.41284,413.221
Normal,1993.86,,254.673,852.551,1.05395,5,91,,206.734,464.497,0.801808,4.01818,90.91,,462.695,1310.55,1.36435,-1,-1,,204.665,234.999,0.652691,4.01818,90.1,,464.697,1081.05,1.25797,-1,-1,,416.251,692.996,1.00583,-1,-1,,673.753,1539.05,1.55556,-1,-1,,6,6,416.251,692.996,1.00583,3.6,2.38818,413.221
Normal,2004.08,,254.673,852.551,1.05933,5,96.4571,,202.297,454.625,0.798264,3.92788,92.1725,,458.246,1300.68,1.36615,-1,-1,,200.272,230.062,0.650936,3.92788,91.475,,460.25,1076.11,1.26156,-1,-1,,413.253,678.187,1.0901,-1,-1,,664.82,1524.24,1.55556,-1,-1,,6,6,413.253,678.187,1.0901,3.1,2.42939,413.221
Normal,2015.47,,254.673,852.551,1.05439,5,91,,206.369,463.686,0.80152,4.01075,90.91,,462.329,1309.74,1.3645,-1,-1,,204.304,234.593,0.652548,4.01075,90.1,,464.331,1080.64,1.25826,-1,-1,,415.517,691.779,1.0054,-1,-1,,673.019,1537.83,1.55556,-1,-1,,6,6,415.517,691.779,1.0054,3.6,3.59945,413.221
Normal,2024.67,,254.673,852.551,1.05848,5,96.3429,,202.994,456.174,0.798825,3.94204,91.92,,458.944,1302.23,1.36586,-1,-1,,200.962,230.837,0.651214,3.94204,91.2,,460.948,1076.89,1.26099,-1,-1,,413.484,680.512,1.07078,-1,-1,,666.222,1526.56,1.55556,-1,-1,,6,6,413.484,680.512,1.07078,3.2,2.65042,413.221
Normal,2034.99,,254.673,852.551,1.0538,5,91,,206.857,464.77,0.801905,4.02068,90.91,,462.818,1310.82,1.3643,-1,-1,,204.786,235.135,0.652739,4.02068,90.1,,464.82,1081.19,1.25787,-1,-1,,416.498,693.405,1.00598,-1,-1,,674,1539.46,1.55556,-1,-1,,6,6,416.498,693.405,1.00598,3.6,2.76799,413.221
Normal,2045.62,,254.673,852.551,1.05654,5,96.1143,,204.583,459.71,0.800098,3.97437,91.415,,460.538,1305.76,1.36522,-1,-1,,202.535,232.605,0.651844,3.97437,90.65,,462.54,1078.66,1.2597,-1,-1,,414.32,685.815,1.03593,-1,-1,,669.422,1531.87,1.55556,-1,-1,,6,6,414.32,685.815,1.03593,3.4,3.33812,413.221
Normal,2055.18,,254.673,852.551,1.05836,5,96.3429,,203.09,456.388,0.798902,3.94399,91.92,,459.04,1302.44,1.36583,-1,-1,,201.056,230.944,0.651252,3.94399,91.2,,461.044,1076.99,1.26091,-1,-1,,413.679,680.832,1.0709,-1,-1,,666.415,1526.88,1.55556,-1,-1,,6,6,413.679,680.832,1.0709,3.2,2.74965,413.221
Normal,2064.89,,254.673,852.551,1.0562,5,96,,204.863,460.334,0.800322,3.98008,91.1625,,460.819,1306.39,1.36511,-1,-1,,202.812,232.917,0.651955,3.98008,90.375,,462.821,1078.97,1.25947,-1,-1,,413.686,686.752,1.01947,-1,-1,,669.986,1532.8,1.55556,-1,-1,,6,6,413.686,686.752,1.01947,3.5,2.41747,413.221
Normal,2074.99,,254.673,852.551,1.05433,5,91,,206.42,463.798,0.80156,4.01178,90.91,,462.38,1309.85,1.36448,-1,-1,,204.354,234.649,0.652568,4.01178,90.1,,464.382,1080.7,1.25822,-1,-1,,415.618,691.947,1.00546,-1,-1,,673.121,1538,1.55556,-1,-1,,6,6,415.618,691.947,1.00546,3.6,2.29636,413.221
Normal,2085.08,,254.673,852.551,1.05734,5,96.2286,,203.927,458.252,0.799574,3.96103,91.6675,,459.88,1304.3,1.36549,-1,-1,,201.886,231.876,0.651585,3.96103,90.925,,461.883,1077.93,1.26023,-1,-1,,414.189,683.627,1.05297,-1,-1,,668.102,1529.68,1.55556,-1,-1,,6,6,414.189,683.627,1.05297,3.3,2.28486,413.221
Normal,2095.28,,254.673,852.551,1.05669,5,96.1143,,204.46,459.438,0.8,3.97188,91.415,,460.415,1305.49,1.36527,-1,-1,,202.414,232.469,0.651796,3.97188,90.65,,462.418,1078.52,1.2598,-1,-1,,414.072,685.407,1.03579,-1,-1,,669.175,1531.46,1.55556,-1,-1,,6,6,414.072,685.407,1.03579,3.4,2.41018,413.221
Normal,2105.57,,254.673,852.551,1.05592,5,96.1143,,206.707,464.436,0.802841,4.01762,91.415,,462.667,1310.49,1.36734,-1,-1,,199.87,229.611,0.64972,3.91963,90.65,,459.843,1075.66,1.25695,-1,-1,,413.766,687.547,1.03656,-1,-1,,668.872,1533.6,1.55556,-1,-1,,6,6,413.766,687.547,1.03656,3.4,2.50013,413.221
Normal,2115.59,,254.673,852.551,1.05606,5,96,,204.978,460.59,0.800414,3.98242,91.1625,,460.934,1306.64,1.36506,-1,-1,,202.926,233.045,0.652001,3.98242,90.375,,462.937,1079.1,1.25938,-1,-1,,413.918,687.135,1.0196,-1,-1,,670.218,1533.19,1.55556,-1,-1,,6,6,413.918,687.135,1.0196,3.5,2.47294,413.221
Normal,2125.82,,254.673,852.551,1.05953,5,96.3429,,200.496,450.618,0.795742,3.89128,91.92,,456.44,1296.67,1.36383,-1,-1,,203.346,233.517,0.653258,3.99105,91.2,,463.362,1079.57,1.26408,-1,-1,,413.374,677.634,1.06973,-1,-1,,666.111,1523.69,1.55556,-1,-1,,6,6,413.374,677.634,1.06973,3.2,2.68631,413.221
Normal,2136.3,,254.673,852.551,1.05466,5,91,,206.143,463.182,0.80134,4.00614,90.91,,462.102,1309.23,1.36459,-1,-1,,204.079,234.341,0.652459,4.00614,90.1,,464.104,1080.39,1.25844,-1,-1,,415.061,691.023,1.00513,-1,-1,,672.563,1537.07,1.55556,-1,-1,,6,6,415.061,691.023,1.00513,3.6,2.92777,413.221
Normal,2146.49,,254.673,852.551,1.05648,5,96.2286,,206.241,463.399,0.802469,4.00813,91.6675,,462.2,1309.45,1.36752,-1,-1,,199.419,229.104,0.64954,3.91037,90.925,,459.387,1075.15,1.25733,-1,-1,,414.028,686.004,1.05383,-1,-1,,667.944,1532.05,1.55556,-1,-1,,6,6,414.028,686.004,1.05383,3.3,2.88564,413.221
Normal,2156.2,,254.673,852.551,1.05919,5,96.4571,,202.409,454.872,0.798353,3.93014,92.1725,,458.357,1300.92,1.3661,-1,-1,,200.382,230.186,0.65098,3.93014,91.475,,460.361,1076.24,1.26147,-1,-1,,413.48,678.558,1.09023,-1,-1,,665.044,1524.61,1.55556,-1,-1,,6,6,413.48,678.558,1.09023,3.1,2.42232,413.221
Normal,2166.52,,254.673,852.551,1.05425,5,91,,206.48,463.933,0.801607,4.01301,90.91,,462.441,1309.98,1.36445,-1,-1,,204.413,234.716,0.652592,4.01301,90.1,,464.442,1080.77,1.25817,-1,-1,,415.74,692.149,1.00553,-1,-1,,673.242,1538.2,1.55556,-1,-1,,6,6,415.74,692.149,1.00553,3.6,2.52029,413.221
Normal,2176.57,,254.673,852.551,1.05671,5,96.1143,,204.446,459.406,0.799989,3.97159,91.415,,460.401,1305.46,1.36527,-1,-1,,202.399,232.453,0.65179,3.97159,90.65,,462.403,1078.5,1.25981,-1,-1,,414.043,685.359,1.03577,-1,-1,,669.147,1531.41,1.55556,-1,-1,,6,6,414.043,685.359,1.03577,3.4,2.50296,413.221
Normal,2186.77,,254.673,852.551,1.06006,5,96.4571,,200.072,449.674,0.795399,3.88266,92.1725,,456.014,1295.72,1.36401,-1,-1,,202.916,233.034,0.653084,3.98221,91.475,,462.926,1079.08,1.26443,-1,-1,,413.688,676.207,1.08937,-1,-1,,665.246,1522.26,1.55556,-1,-1,,6,6,413.688,676.207,1.08937,3.1,2.66171,413.221
Normal,2197.22,,254.673,852.551,1.06432,5,96.8,,196.657,442.074,0.792615,3.81335,93.4667,,452.589,1288.13,1.36545,-1,-1,,199.456,229.146,0.651675,3.91113,93.4667,,459.424,1075.2,1.26724,-1,-1,,413.926,664.72,1.15427,-1,-1,,658.29,1510.77,1.55556,-1,-1,,6,6,413.926,664.72,1.15427,2.8,2.87804,413.221
Normal,2206.82,,254.673,852.551,1.05309,5,91,,207.447,466.083,0.802371,4.0327,90.91,,463.41,1312.13,1.36407,-1,-1,,205.37,235.791,0.65297,4.0327,90.1,,465.411,1081.84,1.2574,-1,-1,,417.686,695.374,1.00668,-1,-1,,675.188,1541.42,1.55556,-1,-1,,6,6,417.686,695.374,1.00668,3.6,2.31786,413.221
Normal,2218.36,,254.673,852.551,1.05763,5,96.2286,,203.689,457.721,0.799383,3.95618,91.6675,,459.641,1303.77,1.36558,-1,-1,,201.65,231.611,0.65149,3.95618,90.925,,461.644,1077.66,1.26042,-1,-1,,413.705,682.832,1.05268,-1,-1,,667.622,1528.88,1.55556,-1,-1,,6,6,413.705,682.832,1.05268,3.3,3.74581,413.221
Normal,2227.25,,254.673,852.551,1.05571,5,91,,205.274,461.249,0.80065,3.98845,90.91,,461.231,1307.3,1.36494,-1,-1,,203.219,233.375,0.652117,3.98845,90.1,,463.234,1079.43,1.25914,-1,-1,,413.312,688.124,1.00409,-1,-1,,670.814,1534.17,1.55556,-1,-1,,6,6,413.312,688.124,1.00409,3.6,2.60703,413.221
Normal,2237.64,,254.673,852.551,1.05863,5,96.3429,,202.868,455.894,0.798723,3.93948,91.92,,458.818,1301.95,1.36592,-1,-1,,200.837,230.697,0.651164,3.93948,91.2,,460.822,1076.75,1.26109,-1,-1,,413.228,680.091,1.07063,-1,-1,,665.969,1526.14,1.55556,-1,-1,,6,6,413.228,680.091,1.07063,3.2,2.8429,413.221
Normal,2247.25,,254.673,852.551,1.05822,5,96.3429,,203.204,456.643,0.798994,3.94632,91.92,,459.155,1302.69,1.36578,-1,-1,,201.17,231.071,0.651297,3.94632,91.2,,461.159,1077.12,1.26082,-1,-1,,413.913,681.214,1.07104,-1,-1,,666.646,1527.26,1.55556,-1,-1,,6,6,413.913,681.214,1.07104,3.2,2.31087,413.221
Normal,2257.72,,254.673,852.551,1.05721,5,96.2286,,204.032,458.484,0.799658,3.96316,91.6675,,459.985,1304.54,1.36544,-1,-1,,201.989,231.992,0.651626,3.96316,90.925,,461.988,1078.04,1.26015,-1,-1,,414.402,683.977,1.0531,-1,-1,,668.312,1530.03,1.55556,-1,-1,,6,6,414.402,683.977,1.0531,3.3,2.69342,413.221
Normal,2268.03,,254.673,852.551,1.05467,5,91,,206.13,463.154,0.80133,4.00588,90.91,,462.089,1309.2,1.3646,-1,-1,,204.067,234.327,0.652454,4.00588,90.1,,464.091,1080.38,1.25845,-1,-1,,415.035,690.981,1.00511,-1,-1,,672.538,1537.03,1.55556,-1,-1,,6,6,415.035,690.981,1.00511,3.6,2.76549,413.221
Normal,2278.03,,254.673,852.551,1.05671,5,96.1143,,204.446,459.405,0.799989,3.97158,91.415,,460.4,1305.46,1.36527,-1,-1,,202.399,232.453,0.65179,3.97158,90.65,,462.403,1078.5,1.25981,-1,-1,,414.042,685.358,1.03577,-1,-1,,669.146,1531.41,1.55556,-1,-1,,6,6,414.042,685.358,1.03577,3.4,2.69725,413.221
Normal,2288.01,,254.673,852.551,1.05492,5,91,,205.927,462.7,0.801168,4.00173,90.91,,461.885,1308.75,1.36468,-1,-1,,203.865,234.1,0.652374,4.00173,90.1,,463.887,1080.15,1.25862,-1,-1,,414.625,690.3,1.00487,-1,-1,,672.127,1536.35,1.55556,-1,-1,,6,6,414.625,690.3,1.00487,3.6,2.42603,413.221
Normal,2298.57,,254.673,852.551,1.05438,5,91,,206.374,463.697,0.801523,4.01085,90.91,,462.334,1309.75,1.3645,-1,-1,,204.308,234.598,0.65255,4.01085,90.1,,464.336,1080.65,1.25826,-1,-1,,415.526,691.795,1.0054,-1,-1,,673.029,1537.85,1.55556,-1,-1,,6,6,415.526,691.795,1.0054,3.6,2.77193,413.221
Normal,2308.84,,254.673,852.551,1.05645,5,96,,204.658,459.879,0.800159,3.97591,91.1625,,460.613,1305.93,1.36519,-1,-1,,202.61,232.689,0.651874,3.97591,90.375,,462.616,1078.74,1.25964,-1,-1,,413.272,686.068,1.01922,-1,-1,,669.574,1532.12,1.55556,-1,-1,,6,6,413.272,686.068,1.01922,3.5,2.97368,413.221
Normal,2318.72,,254.673,852.551,1.06151,5,96.5714,,200.524,450.678,0.796827,3.89183,93,,456.467,1296.73,1.36688,-1,-1,,198.516,228.089,0.650225,3.89183,93,,458.472,1074.14,1.26301,-1,-1,,414.876,672.267,1.10944,-1,-1,,661.248,1518.32,1.55556,-1,-1,,6,6,414.876,672.267,1.10944,3,2.83376,413.221
Normal,2328.48,,254.673,852.551,1.0522,5,91,,208.193,467.743,0.802959,4.04791,90.91,,464.158,1313.79,1.36377,-1,-1,,206.109,236.622,0.653261,4.04791,90.1,,466.159,1082.67,1.25681,-1,-1,,419.188,697.865,1.00757,-1,-1,,676.69,1543.92,1.55556,-1,-1,,6,6,419.188,697.865,1.00757,3.6,2.46685,413.221
Normal,2338.95,,254.673,852.551,1.05921,5,96.3429,,200.76,451.204,0.795955,3.89663,91.92,,456.704,1297.25,1.36372,-1,-1,,203.613,233.817,0.653365,3.99654,91.2,,463.632,1079.87,1.26386,-1,-1,,413.917,678.52,1.07006,-1,-1,,666.647,1524.57,1.55556,-1,-1,,6,6,413.917,678.52,1.07006,3.2,2.93028,413.221
Normal,2349,,254.673,852.551,1.06033,5,96.5714,,201.485,452.818,0.797607,3.91137,93,,457.431,1298.87,1.36648,-1,-1,,199.468,229.159,0.650611,3.91137,93,,459.436,1075.21,1.26222,-1,-1,,416.866,675.477,1.11061,-1,-1,,663.185,1521.53,1.55556,-1,-1,,6,6,416.866,675.477,1.11061,3,2.75115,413.221
Normal,2359,,254.673,852.551,1.05584,5,96,,205.162,460.998,0.80056,3.98615,91.1625,,461.118,1307.05,1.36499,-1,-1,,203.108,233.249,0.652073,3.98615,90.375,,463.12,1079.3,1.25923,-1,-1,,414.288,687.747,1.01982,-1,-1,,670.587,1533.8,1.55556,-1,-1,,6,6,414.288,687.747,1.01982,3.5,2.71742,413.221
Normal,2368.97,,254.673,852.551,1.05524,5,91,,205.664,462.116,0.80096,3.99638,90.91,,461.622,1308.17,1.36478,-1,-1,,203.605,233.808,0.652271,3.99638,90.1,,463.624,1079.86,1.25883,-1,-1,,414.096,689.424,1.00455,-1,-1,,671.598,1535.47,1.55556,-1,-1,,6,6,414.096,689.424,1.00455,3.6,2.67521,413.221
Normal,2379.61,,254.673,852.551,1.0543,5,91,,206.439,463.84,0.801574,4.01216,90.91,,462.399,1309.89,1.36447,-1,-1,,204.372,234.67,0.652575,4.01216,90.1,,464.4,1080.72,1.25821,-1,-1,,415.656,692.01,1.00548,-1,-1,,673.158,1538.06,1.55556,-1,-1,,6,6,415.656,692.01,1.00548,3.6,3.09794,413.221
Normal,2389.5,,254.673,852.551,1.05827,5,96.3429,,203.16,456.544,0.798958,3.94542,91.92,,459.111,1302.6,1.3658,-1,-1,,201.126,231.022,0.65128,3.94542,91.2,,461.114,1077.07,1.26085,-1,-1,,413.823,681.066,1.07098,-1,-1,,666.557,1527.12,1.55556,-1,-1,,6,6,413.823,681.066,1.07098,3.2,2.85271,413.221
Normal,2399.49,,254.673,852.551,1.05836,5,96.3429,,203.093,456.395,0.798904,3.94406,91.92,,459.044,1302.45,1.36582,-1,-1,,201.06,230.948,0.651253,3.94406,91.2,,461.047,1077,1.26091,-1,-1,,413.686,680.843,1.0709,-1,-1,,666.422,1526.89,1.55556,-1,-1,,6,6,413.686,680.843,1.0709,3.2,2.69755,413.221
Normal,2409.62,,254.673,852.551,1.05489,5,91,,205.948,462.748,0.801185,4.00217,90.91,,461.907,1308.8,1.36467,-1,-1,,203.886,234.124,0.652383,4.00217,90.1,,463.909,1080.18,1.2586,-1,-1,,414.668,690.373,1.00489,-1,-1,,672.171,1536.42,1.55556,-1,-1,,6,6,414.668,690.373,1.00489,3.6,2.58508,413.221
Normal,2420.09,,254.673,852.551,1.05807,5,96.3429,,203.327,456.916,0.799092,3.94882,91.92,,459.278,1302.97,1.36573,-1,-1,,201.292,231.208,0.651346,3.94882,91.2,,461.282,1077.26,1.26072,-1,-1,,414.163,681.624,1.07118,-1,-1,,666.893,1527.67,1.55556,-1,-1,,6,6,414.163,681.624,1.07118,3.2,2.92447,413.221
Normal,2430.49,,254.673,852.551,1.05437,5,91,,206.386,463.723,0.801533,4.01109,90.91,,462.346,1309.77,1.36449,-1,-1,,204.32,234.611,0.652555,4.01109,90.1,,464.348,1080.66,1.25825,-1,-1,,415.55,691.834,1.00542,-1,-1,,673.053,1537.89,1.55556,-1,-1,,6,6,415.55,691.834,1.00542,3.6,3.10215,413.221
Normal,2440.05,,254.673,852.551,1.05868,5,96.4571,,202.829,455.808,0.798692,3.93869,92.1725,,458.779,1301.86,1.36593,-1,-1,,200.798,230.654,0.651148,3.93869,91.475,,460.783,1076.7,1.26112,-1,-1,,414.339,679.962,1.09074,-1,-1,,665.89,1526.01,1.55556,-1,-1,,6,6,414.339,679.962,1.09074,3.1,2.51228,413.221
Normal,2450.1,,254.673,852.551,1.05635,5,96,,204.741,460.063,0.800225,3.9776,91.1625,,460.697,1306.11,1.36516,-1,-1,,202.692,232.782,0.651907,3.9776,90.375,,462.699,1078.83,1.25957,-1,-1,,413.44,686.345,1.01932,-1,-1,,669.741,1532.4,1.55556,-1,-1,,6,6,413.44,686.345,1.01932,3.5,2.50081,413.221
Normal,2460.78,,254.673,852.551,1.05602,5,96,,205.019,460.681,0.800446,3.98325,91.1625,,460.975,1306.73,1.36504,-1,-1,,202.967,233.09,0.652017,3.98325,90.375,,462.978,1079.14,1.25935,-1,-1,,414.001,687.271,1.01965,-1,-1,,670.3,1533.32,1.55556,-1,-1,,6,6,414.001,687.271,1.01965,3.5,3.14444,413.221
Normal,2470.35,,254.673,852.551,1.05367,5,91,,206.963,465.006,0.801989,4.02284,90.91,,462.924,1311.06,1.36426,-1,-1,,204.891,235.253,0.652781,4.02284,90.1,,464.926,1081.3,1.25779,-1,-1,,416.711,693.759,1.0061,-1,-1,,674.214,1539.81,1.55556,-1,-1,,6,6,416.711,693.759,1.0061,3.6,2.5157,413.221
Normal,2481.3,,254.673,852.551,1.05651,5,96.1143,,204.609,459.768,0.800119,3.9749,91.415,,460.564,1305.82,1.36521,-1,-1,,202.56,232.634,0.651855,3.9749,90.65,,462.566,1078.68,1.25968,-1,-1,,414.373,685.902,1.03597,-1,-1,,669.474,1531.95,1.55556,-1,-1,,6,6,414.373,685.902,1.03597,3.4,3.40577,413.221
Normal,2490.72,,254.673,852.551,1.06182,5,96.6857,,201.885,453.707,0.798985,3.91949,93.2333,,457.832,1299.76,1.36934,-1,-1,,195.086,224.235,0.647767,3.82151,93.2333,,455,1070.29,1.26085,-1,-1,,413.736,671.442,1.13212,-1,-1,,659.153,1517.49,1.55556,-1,-1,,6,6,413.736,671.442,1.13212,2.9,2.61624,413.221
Normal,2501.27,,254.673,852.551,1.05302,5,91,,207.507,466.217,0.802419,4.03393,90.91,,463.47,1312.27,1.36404,-1,-1,,205.43,235.859,0.652993,4.03393,90.1,,465.471,1081.91,1.25735,-1,-1,,417.807,695.576,1.00675,-1,-1,,675.31,1541.63,1.55556,-1,-1,,6,6,417.807,695.576,1.00675,3.6,3.00112,413.221
Normal,2511.68,,254.673,852.551,1.06433,5,96.5714,,194.984,438.353,0.79016,3.77945,93,,450.912,1284.4,1.36301,-1,-1,,202.729,232.824,0.654114,3.97837,93,,462.737,1078.87,1.2697,-1,-1,,413.549,664.677,1.10664,-1,-1,,659.912,1510.73,1.55556,-1,-1,,6,6,413.549,664.677,1.10664,3,3.36231,413.221
Normal,2523.04,,254.673,852.551,1.0589,5,96.4571,,202.652,455.413,0.798549,3.93508,92.1725,,458.601,1301.46,1.366,-1,-1,,200.623,230.456,0.651077,3.93508,91.475,,460.605,1076.51,1.26127,-1,-1,,413.976,679.369,1.09053,-1,-1,,665.533,1525.42,1.55556,-1,-1,,6,6,413.976,679.369,1.09053,3.1,4.55686,413.221
Normal,2533.68,,254.673,852.551,1.0598,5,96.5714,,203.534,457.377,0.800322,3.95303,93,,459.486,1303.43,1.36867,-1,-1,,196.681,226.027,0.648414,3.8542,93,,456.615,1072.08,1.2595,-1,-1,,416.074,676.904,1.11113,-1,-1,,662.435,1522.95,1.55556,-1,-1,,6,6,416.074,676.904,1.11113,3,5.07861,413.221
Normal,2544.59,,254.673,852.551,1.05762,5,96.2286,,203.698,457.742,0.79939,3.95637,91.6675,,459.65,1303.79,1.36558,-1,-1,,201.659,231.621,0.651494,3.95637,90.925,,461.654,1077.67,1.26042,-1,-1,,413.724,682.863,1.05269,-1,-1,,667.641,1528.91,1.55556,-1,-1,,6,6,413.724,682.863,1.05269,3.3,5.88083,413.221
Normal,2553.9,,254.673,852.551,1.05289,5,91,,207.617,466.462,0.802506,4.03617,90.91,,463.58,1312.51,1.364,-1,-1,,205.539,235.981,0.653036,4.03617,90.1,,465.581,1082.03,1.25727,-1,-1,,418.028,695.942,1.00688,-1,-1,,675.531,1541.99,1.55556,-1,-1,,6,6,418.028,695.942,1.00688,3.6,5.03176,413.221
Normal,2562.69,,254.673,852.551,1.06239,5,96.5714,,199.814,449.099,0.79625,3.87742,93,,455.755,1295.15,1.36717,-1,-1,,197.814,227.3,0.649939,3.87742,93,,457.761,1073.35,1.26359,-1,-1,,413.408,669.899,1.10857,-1,-1,,659.82,1515.95,1.55556,-1,-1,,6,6,413.408,669.899,1.10857,3,3.76128,413.221
Normal,2573.23,,254.673,852.551,1.05609,5,96,,204.96,460.549,0.800399,3.98204,91.1625,,460.915,1306.6,1.36507,-1,-1,,202.908,233.024,0.651993,3.98204,90.375,,462.918,1079.08,1.2594,-1,-1,,413.88,687.073,1.01958,-1,-1,,670.18,1533.12,1.55556,-1,-1,,6,6,413.88,687.073,1.01958,3.5,4.25682,413.221
Normal,2582.83,,254.673,852.551,1.06,5,96.4571,,200.12,449.781,0.795438,3.88364,92.1725,,456.063,1295.83,1.36399,-1,-1,,202.965,233.089,0.653104,3.98322,91.475,,462.976,1079.14,1.26439,-1,-1,,413.788,676.37,1.08943,-1,-1,,665.345,1522.42,1.55556,-1,-1,,6,6,413.788,676.37,1.08943,3.1,3.81024,413.221
Normal,2593.12,,254.673,852.551,1.05336,5,91,,208.841,469.186,0.804534,4.06113,90.91,,464.808,1315.24,1.3665,-1,-1,,201.937,231.933,0.650541,3.96208,90.1,,461.935,1077.98,1.25524,-1,-1,,415.62,694.619,1.00641,-1,-1,,673.123,1540.67,1.55556,-1,-1,,6,6,415.62,694.619,1.00641,3.6,4.00687,413.221
